product_id,discounted_price,actual_price,discount_percentage,rating,rating_count
B07JW9H4J1,399.0,1099.0,64%,4.2,"24,269"
B098NS6PVG,199.0,349.0,43%,4,"43,994"
B096MSW6CT,199.0,1899.0,90%,3.9,"7,928"
B08HDJ86NZ,329.0,699.0,53%,4.2,"94,363"
B08CF3B7N1,154.0,399.0,61%,4.2,"16,905"
B08Y1TFSP6,149.0,1000.0,85%,3.9,"24,871"
B08WRWPM22,176.63,499.0,65%,4.1,"15,188"
B08DDRGWTJ,229.0,299.0,23%,4.3,"30,411"
B008IFXQFU,499.0,999.0,50%,4.2,"1,79,691"
B082LZGK39,199.0,299.0,33%,4,"43,994"
B08CF3D7QR,154.0,339.0,55%,4.3,"13,391"
B0789LZTCJ,299.0,799.0,63%,4.2,"94,363"
B07KSMBL2H,219.0,700.0,69%,4.4,"4,26,973"
B085DTN6R2,350.0,899.0,61%,4.2,"2,262"
B09KLVMZ3B,159.0,399.0,60%,4.1,"4,768"
B083342NKJ,349.0,399.0,13%,4.4,"18,757"
B0B6F7LX4C,13999.0,24999.0,44%,4.2,"32,840"
B082LSVT4B,249.0,399.0,38%,4,"43,994"
B08WRBG3XW,199.0,499.0,60%,4.1,"13,045"
B08DPLCM6T,13490.0,21990.0,39%,4.3,"11,976"
B09C6HXFC1,970.0,1799.0,46%,4.5,815
B085194JFL,279.0,499.0,44%,3.7,"10,962"
B09F6S8BT6,13490.0,22900.0,41%,4.3,"16,299"
B09NHVCHS9,59.0,199.0,70%,4,"9,378"
B0B1YVCJ2Y,11499.0,19990.0,42%,4.3,"4,703"
B01M4GGIVU,199.0,699.0,72%,4.2,"12,153"
B08B42LWKN,14999.0,19999.0,25%,4.2,"34,899"
B094JNXNPV,299.0,399.0,25%,4,"2,766"
B09W5XR9RT,970.0,1999.0,51%,4.4,184
B077Z65HSD,299.0,999.0,70%,4.3,"20,850"
B00NH11PEY,199.0,750.0,73%,4.5,"74,976"
B09CMM3VGK,179.0,499.0,64%,4,"1,934"
B08QSC1XY8,389.0,1099.0,65%,4.3,974
B008FWZGSG,599.0,599.0,0%,4.3,355
B0B4HJNPV4,199.0,999.0,80%,3.9,"1,075"
B08Y1SJVV5,99.0,666.66,85%,3.9,"24,871"
B07XLCFSSN,899.0,1900.0,53%,4.4,"13,552"
B09RZS1NQT,199.0,999.0,80%,4,576
B0B3MMYHYW,32999.0,45999.0,28%,4.2,"7,298"
B09C6HWG18,970.0,1999.0,51%,4.2,462
B00NH11KIK,209.0,695.0,70%,4.5,"1,07,687"
B09JPC82QC,19999.0,34999.0,43%,4.3,"27,151"
B07JW1Y6XV,399.0,1099.0,64%,4.2,"24,269"
B07KRCW6LZ,999.0,1599.0,38%,4.3,"12,093"
B09NJN8L25,59.0,199.0,70%,4,"9,378"
B07XJYYH7L,333.0,999.0,67%,3.3,"9,792"
B002PD61Y4,507.0,1208.0,58%,4.1,"8,131"
B014I8SSD0,309.0,475.0,35%,4.4,"4,26,973"
B09L8DSSFH,399.0,999.0,60%,3.6,493
B07232M876,199.0,395.0,50%,4.2,"92,595"
B07P681N66,1199.0,2199.0,45%,4.4,"24,780"
B0711PVX6Z,179.0,500.0,64%,4.2,"92,595"
B082T6V3DT,799.0,2100.0,62%,4.3,"8,188"
B07MKFNHKG,6999.0,12999.0,46%,4.2,"4,003"
B0BFWGBX61,199.0,349.0,43%,4.1,314
B01N90RZ4M,230.0,499.0,54%,3.7,"2,960"
B0088TKTY2,649.0,1399.0,54%,4.2,"1,79,691"
B09Q5SWVBJ,15999.0,21999.0,27%,4.2,"34,899"
B0B4DT8MKT,348.0,1499.0,77%,4.2,656
B08CDKQ8T6,154.0,349.0,56%,4.3,"7,064"
B07B275VN9,179.0,799.0,78%,3.7,"2,201"
B0B15CPR37,32990.0,47900.0,31%,4.3,"7,109"
B0994GFWBH,139.0,999.0,86%,4,"1,313"
B01GGKZ0V6,329.0,845.0,61%,4.2,"29,746"
B09F9YQQ7B,13999.0,24999.0,44%,4.2,"45,238"
B014I8SX4Y,309.0,1400.0,78%,4.4,"4,26,973"
B09Q8HMKZX,263.0,699.0,62%,4.1,450
B0B9XN9S3W,7999.0,14990.0,47%,4.3,457
B07966M8XH,1599.0,2999.0,47%,4.2,"2,727"
B01GGKYKQM,219.0,700.0,69%,4.3,"20,053"
B0B86CDHL1,349.0,899.0,61%,4.5,149
B0B5ZF3NRK,349.0,599.0,42%,4.1,210
B09RFC46VP,26999.0,42999.0,37%,4.2,"45,238"
B08R69VDHT,115.0,499.0,77%,4,"7,732"
B09RWZRCP1,399.0,999.0,60%,4.1,"1,780"
B09CMP1SC8,199.0,499.0,60%,4.1,602
B09YLXYP7Y,179.0,399.0,55%,4,"1,423"
B09ZPM4C2C,10901.0,30990.0,65%,4.1,398
B0B2DJDCPX,209.0,499.0,58%,3.9,536
B0BCZCQTJX,1434.0,3999.0,64%,4,32
B07LGT55SJ,399.0,1099.0,64%,4.2,"24,269"
B09NKZXMWJ,139.0,249.0,44%,4,"9,378"
B08QX1CC14,7299.0,19125.0,62%,3.4,902
B0974H97TJ,299.0,799.0,63%,4.4,"28,791"
B07GVGTSLN,325.0,1299.0,75%,4.2,"10,576"
B09VCHLSJF,29999.0,39999.0,25%,4.2,"7,298"
B0B1YZX72F,27999.0,40990.0,32%,4.3,"4,703"
B092BJMT8Q,30990.0,52900.0,41%,4.3,"7,109"
B0BMXMLSMM,199.0,999.0,80%,4.5,127
B07JH1C41D,649.0,1999.0,68%,4.2,"24,269"
B0141EZMAI,269.0,800.0,66%,3.6,"10,134"
B09Q5P2MT3,24999.0,31999.0,22%,4.2,"34,899"
B08HDH26JX,299.0,699.0,57%,4.2,"94,363"
B09VT6JKRP,199.0,999.0,80%,4.1,425
B09T3KB6JZ,18990.0,40990.0,54%,4.2,"6,659"
B093QCY6YJ,290.0,349.0,17%,3.7,"1,977"
B093ZNQZ2Y,249.0,799.0,69%,3.8,"1,079"
B08LKS3LSP,345.0,999.0,65%,3.7,"1,097"
B00V4BGDKU,1099.0,1899.0,42%,4.5,"22,420"
B08CHKQ8D4,719.0,1499.0,52%,4.1,"1,045"
B09BW334ML,349.0,1499.0,77%,4.3,"4,145"
B082T6GVLJ,849.0,1809.0,53%,4.3,"6,547"
B07DL1KC3H,299.0,899.0,67%,4,"1,588"
B0B6F98KJJ,21999.0,29999.0,27%,4.2,"32,840"
B07JNVF678,349.0,999.0,65%,4.2,"13,120"
B09QGZFBPM,399.0,999.0,60%,4.3,"2,806"
B07JGDB5M1,449.0,1299.0,65%,4.2,"24,269"
B0981XSZJ7,299.0,999.0,70%,4.3,766
B0B9XLX8VR,37999.0,65000.0,42%,4.3,"3,587"
B08Y5KXR6Z,99.0,800.0,88%,3.9,"24,871"
B09F6VHQXB,7390.0,20000.0,63%,4.1,"2,581"
B0974G5Q2Y,273.1,999.0,73%,4.3,"20,850"
B09YL9SN9B,15990.0,23990.0,33%,4.3,"1,035"
B09RX1FK54,399.0,999.0,60%,4.1,"1,780"
B09TT6BFDX,399.0,1999.0,80%,4.5,505
B09KH58JZR,210.0,399.0,47%,4.1,"1,717"
B09DDCQFMT,1299.0,1999.0,35%,3.6,590
B08RP2L2NL,347.0,999.0,65%,3.5,"1,121"
B0B4G2MWSB,149.0,999.0,85%,4,"1,313"
B0B21C4BMX,228.0,899.0,75%,3.8,132
B084MZXJNK,1599.0,1999.0,20%,4.4,"1,951"
B0BHZCNC4P,1499.0,3999.0,63%,3.7,37
B0B16KD737,8499.0,15999.0,47%,4.3,592
B099K9ZX65,20990.0,44990.0,53%,4.1,"1,259"
B08Y55LPBF,32999.0,44999.0,27%,4.2,"45,238"
B015OW3M1W,799.0,1700.0,53%,4.1,"28,638"
B01D5H8ZI8,229.0,595.0,62%,4.3,"12,835"
B09X1M3DHX,9999.0,27990.0,64%,4.2,"1,269"
B09MM6P76N,349.0,599.0,42%,4.2,284
B01D5H8LDM,489.0,1200.0,59%,4.4,"69,538"
B0B1YY6JJL,23999.0,34990.0,31%,4.3,"4,703"
B09QGZM8QB,399.0,999.0,60%,4.3,"2,806"
B08L4SBJRY,349.0,1299.0,73%,4,"3,295"
B09X79PP8F,179.0,299.0,40%,3.9,81
B082T6GVG9,689.0,1500.0,54%,4.2,"42,301"
B0B3XY5YT4,30990.0,49990.0,38%,4.3,"1,376"
B0B4HKH19N,249.0,931.0,73%,3.9,"1,075"
B08TGG316Z,999.0,2399.0,58%,4.6,"3,664"
B071VMP1Z4,399.0,399.0,0%,3.9,"1,951"
B071SDRGWL,349.0,699.0,50%,4.3,"20,850"
B08PSQRW2T,399.0,1099.0,64%,4.1,"2,685"
B0859M539M,1699.0,2999.0,43%,4.4,"24,780"
B08RX8G496,655.0,1099.0,40%,3.2,285
B002SZEOLG,749.0,1339.0,44%,4.2,"1,79,692"
B08CS3BT4L,9999.0,12999.0,23%,4.2,"6,088"
B00RFWNJMC,195.0,499.0,61%,3.7,"1,383"
B082T6GXS5,999.0,2100.0,52%,4.5,"5,492"
B09CMQRQM6,499.0,899.0,44%,4.2,919
B005LJQMCK,416.0,599.0,31%,4.2,"30,023"
B09C6H53KH,368.0,699.0,47%,4.2,387
B0BB3CBFBM,29990.0,65000.0,54%,4.1,211
B08QSDKFGQ,339.0,1099.0,69%,4.3,974
B08PV1X771,15490.0,20900.0,26%,4.3,"16,299"
B07YTNKVJQ,499.0,1299.0,62%,4.3,"30,411"
B0117H7GZ6,249.0,399.0,38%,3.4,"4,642"
B09XJ1LM7R,399.0,799.0,50%,4.3,12
B084N133Y7,1499.0,1999.0,25%,4.4,"1,951"
B088Z1YWBC,9490.0,15990.0,41%,3.9,"10,480"
B07VSG5SXZ,637.0,1499.0,58%,4.1,24
B08RWCZ6SY,399.0,899.0,56%,3.9,254
B07KSB1MLX,1089.0,1600.0,32%,4,"3,565"
B081FG1QYX,339.0,999.0,66%,4.3,"6,255"
B08R69WBN7,149.0,499.0,70%,4,"7,732"
B0B3RHX6B6,149.0,399.0,63%,3.9,57
B084N18QZY,599.0,849.0,29%,4.5,577
B081NHWT6Z,299.0,1199.0,75%,3.9,"1,193"
B07JPJJZ2H,399.0,1299.0,69%,4.2,"13,120"
B09JKNF147,339.0,1999.0,83%,4,343
B0B9959XF3,12499.0,22990.0,46%,4.3,"1,611"
B09PNR6F8Q,249.0,399.0,38%,4,"6,558"
B07M69276N,1399.0,2499.0,44%,4.4,"23,169"
B0B1YZ9CB8,32999.0,47990.0,31%,4.3,"4,703"
B09YLYB9PB,149.0,399.0,63%,4,"1,423"
B08CTNJ985,325.0,999.0,67%,4.3,"2,651"
B0BP7XLX48,399.0,1999.0,80%,5,5
B09LHXNZLR,199.0,499.0,60%,3.7,612
B0B3N8VG24,88.0,299.0,71%,4,"9,378"
B08PSVBB2X,399.0,1099.0,64%,4.1,"2,685"
B0B3MQXNFB,57.89,199.0,71%,4,"9,378"
B08XMSKKMM,799.0,1999.0,60%,3.3,576
B09L8DT7D6,205.0,499.0,59%,3.8,313
B00GE55L22,299.0,699.0,57%,4.1,"2,957"
B0162K34H2,849.0,999.0,15%,4.1,"6,736"
B0B8SRZ5SV,949.0,1999.0,53%,4.4,"13,552"
B07CWNJLPC,499.0,1200.0,58%,4.3,"5,451"
B00NH12R1O,299.0,485.0,38%,4.3,"10,911"
B0B8SSC5D9,949.0,1999.0,53%,4.4,"13,552"
B08WKG2MWT,379.0,1099.0,66%,4.3,"2,806"
B0B466C3G4,8990.0,18990.0,53%,3.9,350
B005LJQMZC,486.0,1999.0,76%,4.2,"30,023"
B07MDRGHWQ,5699.0,11000.0,48%,4.2,"4,003"
B07DC4RZPY,709.0,1999.0,65%,4.1,"1,78,817"
B0B15GSPQW,47990.0,70900.0,32%,4.3,"7,109"
B08GJNM9N7,299.0,1199.0,75%,3.7,490
B09C6FML9B,320.0,599.0,47%,4.1,491
B0B65MJ45G,139.0,549.0,75%,3.9,61
B08P9RYPLR,129.0,249.0,48%,4,"9,378"
B0B6F8HHR6,24999.0,35999.0,31%,4.2,"32,840"
B084MZXJN6,999.0,1699.0,41%,4.4,"7,318"
B08XMG618K,225.0,499.0,55%,4.1,789
B0BCKWZ884,547.0,2999.0,82%,4.3,407
B00GGGOYEK,259.0,699.0,63%,3.8,"2,399"
B07ZR4S1G4,239.0,699.0,66%,4.4,"2,640"
B09C635BMM,349.0,999.0,65%,4,839
B00GG59HU2,467.0,599.0,22%,4.4,"44,054"
B00RGLI0ZS,449.0,599.0,25%,4,"3,231"
B09ZPJT8B2,11990.0,31990.0,63%,4.2,64
B07HZ2QCGR,350.0,599.0,42%,3.9,"8,314"
B095244Q22,252.0,999.0,75%,3.7,"2,249"
B08CKW1KH9,204.0,599.0,66%,3.6,339
B0BLV1GNLN,6490.0,9990.0,35%,4,27
B08RHPDNVV,235.0,599.0,61%,3.5,197
B00NH13Q8W,299.0,800.0,63%,4.5,"74,977"
B0B8SSZ76F,799.0,1999.0,60%,4.2,"8,583"
B0841KQR1Z,299.0,999.0,70%,3.8,928
B0B467CCB9,6999.0,16990.0,59%,3.8,110
B095JQVC7N,42999.0,59999.0,28%,4.1,"6,753"
B08PPHFXG3,173.0,999.0,83%,4.3,"1,237"
B06XR9PR5X,209.0,600.0,65%,4.4,"18,872"
B09JSW16QD,848.99,1490.0,43%,3.9,356
B07JH1CBGW,649.0,1999.0,68%,4.2,"24,269"
B09127FZCK,299.0,899.0,67%,3.8,425
B083GQGT3Z,399.0,799.0,50%,4.1,"1,161"
B09Q8WQ5QJ,249.0,499.0,50%,4.1,"1,508"
B07YZG8PPY,1249.0,2299.0,46%,4.3,"7,636"
B09H39KTTB,213.0,499.0,57%,3.7,246
B08DCVRW98,209.0,499.0,58%,4,479
B0718ZN31Q,598.0,4999.0,88%,4.2,910
B0162LYSFS,799.0,1749.0,54%,4.1,"5,626"
B07PFJ5VQD,159.0,595.0,73%,4.3,"14,184"
B01J8S6X2I,499.0,1100.0,55%,4.4,"25,177"
B09MJ77786,31999.0,49999.0,36%,4.3,"21,252"
B09NNGHG22,32990.0,56790.0,42%,4.3,567
B07V5YF4ND,299.0,1199.0,75%,3.5,466
B0B65P827P,128.31,549.0,77%,3.9,61
B084MZYBTV,599.0,849.0,29%,4.5,474
B097ZQTDVZ,399.0,899.0,56%,3.4,431
B0B5F3YZY4,449.0,1099.0,59%,4,242
B09G5TSGXV,254.0,799.0,68%,4,"2,905"
B006LW0WDQ,399.0,795.0,50%,4.4,"12,091"
B09YLX91QR,179.0,399.0,55%,4,"1,423"
B081FJWN52,339.0,999.0,66%,4.3,"6,255"
B0758F7KK7,399.0,999.0,60%,4,"1,236"
B09L835C3V,199.0,399.0,50%,4.2,"1,335"
B098TV3L96,349.0,1999.0,83%,3.8,197
B08NCKT9FG,299.0,798.0,63%,4.4,"28,791"
B0B4T6MR8N,89.0,800.0,89%,3.9,"1,075"
B01GGKZ4NU,549.0,995.0,45%,4.2,"29,746"
B09BW2GP18,129.0,1000.0,87%,3.9,295
B09WN3SRC7,77990.0,139900.0,44%,4.7,"5,935"
B09B125CFJ,349.0,799.0,56%,3.6,323
B09RQRZW2X,499.0,899.0,44%,3.7,185
B07924P3C5,299.0,799.0,63%,4.2,"2,117"
B08N1WL9XW,182.0,599.0,70%,4,"9,378"
B07VVXJ2P5,96.0,399.0,76%,3.6,"1,796"
B0BC8BQ432,54990.0,85000.0,35%,4.3,"3,587"
B06XFTHCNY,439.0,758.0,42%,4.2,"4,296"
B08CT62BM1,299.0,999.0,70%,4.3,"2,651"
B07CRL2GY6,299.0,799.0,63%,4.2,"94,363"
B07DWFX9YS,789.0,1999.0,61%,4.2,"34,540"
B01D5H90L4,299.0,700.0,57%,4.4,"8,714"
B07F1P8KNV,325.0,1099.0,70%,4.2,"10,576"
B084N1BM9L,1299.0,1999.0,35%,4.4,"7,318"
B09F6D21BY,790.0,1999.0,60%,3,103
B09LQQYNZQ,4699.0,4699.0,0%,4.5,224
B0BC9BW512,18999.0,24990.0,24%,4.3,"4,702"
B0B61HYR92,199.0,999.0,80%,4.2,85
B075ZTJ9XR,269.0,650.0,59%,4.4,"35,877"
B0978V2CP6,1990.0,3100.0,36%,4,897
B09LRZYBH1,2299.0,3999.0,43%,3.8,282
B0B997FBZT,35999.0,49990.0,28%,4.3,"1,611"
B098LCVYPW,349.0,999.0,65%,4.2,513
B09HV71RL1,719.0,1499.0,52%,4.1,"1,045"
B08PZ6HZLT,8999.0,18999.0,53%,4,"6,347"
B075TJHWVC,917.0,2299.0,60%,4.2,"3,300"
B09LV13JFB,399.0,999.0,60%,3.3,23
B092BL5DCX,45999.0,69900.0,34%,4.3,"7,109"
B09VH568H7,119.0,299.0,60%,3.8,51
B09HQSV46W,21999.0,29999.0,27%,4.2,"32,840"
B08TZD7FQN,299.0,599.0,50%,3.7,708
B0B21XL94T,21990.0,34990.0,37%,4.3,"1,657"
B09PTT8DZF,417.44,670.0,38%,3.9,523
B0B3XXSB1K,47990.0,79990.0,40%,4.3,"1,376"
B08RZ12GKR,215.0,499.0,57%,3.5,121
B0B4T8RSJ1,99.0,800.0,88%,3.9,"1,075"
B0B7B9V9QP,18999.0,35000.0,46%,4,"1,001"
B08XXVXP3J,249.0,999.0,75%,4.3,112
B06XGWRKYT,7999.0,15999.0,50%,3.8,"3,022"
B07CWDX49D,649.0,1600.0,59%,4.3,"5,451"
B09TY4MSH3,1289.0,2499.0,48%,3.3,73
B07RY2X9MP,609.0,1500.0,59%,4.5,"1,029"
B0B2C5MJN6,32990.0,54990.0,40%,4.1,"1,555"
B0BBMGLQDW,599.0,1999.0,70%,4.2,47
B01LONQBDG,349.0,899.0,61%,4.1,"14,896"
B08XXF5V6G,29999.0,50999.0,41%,4.4,"1,712"
B09HK9JH4F,199.0,399.0,50%,4.2,"1,335"
B09MMD1FDN,349.0,699.0,50%,3.9,214
B09HN7LD5L,1850.0,4500.0,59%,4,184
B0BNDD9TN6,13990.0,28900.0,52%,4.5,7
B0941392C8,129.0,449.0,71%,3.7,41
B01M5967SY,379.0,999.0,62%,4.2,"12,153"
B016MDK4F4,185.0,499.0,63%,4.2,25
B08G43CCLC,218.0,999.0,78%,4.2,163
B0B61GCHC1,199.0,999.0,80%,4.3,87
B07RX14W1Q,499.0,900.0,45%,4.4,"2,165"
B09PLD9TCD,26999.0,42999.0,37%,4.2,"1,510"
B0B8ZKWGKD,893.0,1052.0,15%,4.3,106
B09NNJ9WYM,10990.0,19990.0,45%,3.7,129
B08H5L8V1L,379.0,1099.0,66%,4.3,"3,049"
B0B8CXTTG3,16999.0,25999.0,35%,4.2,"32,840"
B09HCH3JZG,699.0,1899.0,63%,4.4,390
B097JVLW3L,2699.0,3500.0,23%,3.5,621
B09SB6SJB4,129.0,599.0,78%,4.1,265
B08NW8GHCJ,389.0,999.0,61%,4.3,838
B09YHLPQYT,246.0,600.0,59%,4.2,143
B08G1RW2Q3,299.0,799.0,63%,4,151
B08YXJJW8H,247.0,399.0,38%,3.9,200
B09P8M18QM,1369.0,2999.0,54%,3.3,227
B08BG4M4N7,199.0,499.0,60%,3.8,538
B07VJ9ZTXS,299.0,599.0,50%,4,171
B084872DQY,14999.0,14999.0,0%,4.3,"27,508"
B00GGGOYEU,299.0,699.0,57%,3.9,"1,454"
B08FD2VSD9,24990.0,51990.0,52%,4.2,"2,951"
B095JPKPH3,61999.0,69999.0,11%,4.1,"6,753"
B087JWLZ2K,24499.0,50000.0,51%,3.9,"3,518"
B09DSXK8JX,10499.0,19499.0,46%,4.2,"1,510"
B08V9C4B1J,349.0,999.0,65%,4.3,838
B08PKBMJKS,197.0,499.0,61%,3.8,136
B0B8VQ7KDS,1299.0,2499.0,48%,4.3,301
B086JTMRYL,1519.0,1899.0,20%,4.4,"19,763"
B09RWQ7YR6,46999.0,69999.0,33%,4.3,"21,252"
B00OFM6PEO,299.0,799.0,63%,4.3,"1,902"
B0BF57RN3K,1799.0,19999.0,91%,4.2,"13,937"
B0B3RRWSF6,1998.0,9999.0,80%,4.3,"27,696"
B0B5B6PQCT,1999.0,7990.0,75%,3.8,"17,831"
B08HV83HL3,2049.0,2199.0,7%,4.3,"1,78,912"
B0BBN4DZBD,6499.0,8999.0,28%,4,"7,807"
B0B3CPQ5PF,28999.0,28999.0,0%,4.3,"17,415"
B0B3CQBRB4,28999.0,28999.0,0%,4.3,"17,415"
B0BBN56J5H,6499.0,8999.0,28%,4,"7,807"
B0BBN3WF7V,6499.0,8999.0,28%,4,"7,807"
B0BDRVFDKP,569.0,1000.0,43%,4.4,"67,259"
B0B5LVS732,1898.0,4999.0,62%,4.1,"10,689"
B09V2Q4QVQ,1299.0,1599.0,19%,4,"1,28,311"
B09V12K8NT,1499.0,6990.0,79%,3.9,"21,796"
B01DEWVZ2C,599.0,999.0,40%,4.1,"1,92,590"
B0BMGB3CH9,9499.0,11999.0,21%,4.2,284
B08D77XZX5,599.0,2499.0,76%,3.9,"58,162"
B09XB8GFBQ,8999.0,11999.0,25%,4,"12,796"
B07WG8PDCW,349.0,1299.0,73%,4,"14,282"
B07GPXXNNG,349.0,999.0,65%,4.1,"3,63,713"
B0BDYVC5TD,959.0,1800.0,47%,4.4,"67,259"
B0BMGB2TPR,9499.0,11999.0,21%,4.2,284
B08MC57J31,1499.0,2499.0,40%,4.3,"15,970"
B08HVL8QN3,1149.0,2199.0,48%,4.3,"1,78,912"
B0746JGVDS,349.0,999.0,65%,3.9,"46,399"
B08VFF6JQ8,1219.0,1699.0,28%,4.4,"8,891"
B09NVPSCQT,1599.0,3999.0,60%,4,"30,254"
B09YV4RG4D,1499.0,7999.0,81%,4.2,"22,636"
B09TWHTBKQ,18499.0,25999.0,29%,4.1,"22,318"
B08L5HMJVW,369.0,700.0,47%,4.4,"67,259"
B0B4F2XCK3,12999.0,17999.0,28%,4.1,"18,998"
B0BF54972T,1799.0,19999.0,91%,4.2,"13,937"
B09YV4MW2T,2199.0,9999.0,78%,4.2,"29,471"
B09TWH8YHM,16999.0,24999.0,32%,4.1,"22,318"
B07WGMMQGP,16499.0,20999.0,21%,4,"21,350"
B0BF563HB4,1799.0,19999.0,91%,4.2,"13,937"
B07JW9H4J1,399.0,1099.0,64%,4.2,"24,270"
B09GFPVD9Y,8499.0,10999.0,23%,4.1,"3,13,836"
B09GFLXVH9,6499.0,8499.0,24%,4.1,"3,13,836"
B0BF4YBLPX,1799.0,19999.0,91%,4.2,"13,937"
B09XB7DPW1,8999.0,11999.0,25%,4,"12,796"
B07PFJ5W31,139.0,495.0,72%,4.3,"14,185"
B0B3N7LR6K,3999.0,16999.0,76%,4.3,"17,159"
B09ZQK9X8G,2998.0,5999.0,50%,4.1,"5,179"
B098NS6PVG,199.0,349.0,43%,4,"43,993"
B07WJV6P1R,15499.0,18999.0,18%,4.1,"19,252"
B096MSW6CT,199.0,999.0,80%,3.9,"7,928"
B0BF54LXW6,1799.0,19999.0,91%,4.2,"13,937"
B09XB7SRQ5,8999.0,11999.0,25%,4,"12,796"
B09FFK1PQG,873.0,1699.0,49%,4.4,"1,680"
B09RMQYHLH,12999.0,15999.0,19%,4.2,"13,246"
B08ZN4B121,539.0,1599.0,66%,3.8,"14,648"
B0B3RSDSZ3,1999.0,9999.0,80%,4.3,"27,696"
B08VB34KJ1,15490.0,20990.0,26%,4.2,"32,916"
B09T39K9YL,19999.0,24999.0,20%,3.9,"25,824"
B08VF8V79P,1075.0,1699.0,37%,4.4,"7,462"
B08G28Z33M,399.0,699.0,43%,4,"37,817"
B09PNKXSKF,1999.0,3990.0,50%,4,"30,254"
B0B5DDJNH4,1999.0,7990.0,75%,3.8,"17,831"
B08HDJ86NZ,329.0,699.0,53%,4.2,"94,364"
B08CF3B7N1,154.0,399.0,61%,4.2,"16,905"
B07WDKLDRX,28999.0,34999.0,17%,4.4,"20,311"
B09MQSCJQ1,2299.0,7990.0,71%,4.2,"69,622"
B094YFFSMY,399.0,1999.0,80%,4,"3,382"
B09MT84WV5,1149.0,3999.0,71%,4.3,"1,40,036"
B08VS3YLRK,529.0,1499.0,65%,4.1,"8,599"
B0B4F3QNDM,13999.0,19499.0,28%,4.1,"18,998"
B07GQD4K6L,379.0,999.0,62%,4.1,"3,63,713"
B07WDKLRM4,13999.0,19999.0,30%,4.1,"19,252"
B0BP18W8TM,3999.0,9999.0,60%,4.4,73
B08Y1TFSP6,149.0,1000.0,85%,3.9,"24,870"
B07GXHC691,99.0,499.0,80%,4.3,"42,641"
B08FN6WGDQ,4790.0,15990.0,70%,4,"4,390"
B0B3D39RKV,33999.0,33999.0,0%,4.3,"17,415"
B085HY1DGR,99.0,999.0,90%,4,"1,396"
B08D75R3Z1,299.0,1900.0,84%,3.6,"18,202"
B0B4F2TTTS,10999.0,14999.0,27%,4.1,"18,998"
B09WRMNJ9G,34999.0,38999.0,10%,4.2,"11,029"
B0B14MR9L1,16999.0,24999.0,32%,4.1,"22,318"
B09ZPL5VYM,199.0,499.0,60%,4.1,"1,786"
B0993BB11X,999.0,1599.0,38%,4,"7,222"
B09V2PZDX8,1299.0,1599.0,19%,4,"1,28,311"
B085W8CFLH,599.0,1800.0,67%,3.5,"83,996"
B09MT6XSFW,599.0,1899.0,68%,4.3,"1,40,036"
B07RD611Z8,1799.0,2499.0,28%,4.1,"18,678"
B08WRWPM22,176.63,499.0,65%,4.1,"15,189"
B0B4F52B5X,10999.0,14999.0,27%,4.1,"18,998"
B096VF5YYF,2999.0,7990.0,62%,4.1,"48,449"
B0B5D39BCD,1999.0,7990.0,75%,3.8,"17,831"
B08DDRGWTJ,229.0,299.0,23%,4.3,"30,411"
B082LZGK39,199.0,299.0,33%,4,"43,994"
B09XBJ1CTN,649.0,999.0,35%,4.2,"1,315"
B0B4F5L738,13999.0,19499.0,28%,4.1,"18,998"
B08MTCKDYN,119.0,299.0,60%,4.1,"5,999"
B09QS8V5N8,12999.0,17999.0,28%,4.1,"50,772"
B08CF3D7QR,154.0,339.0,55%,4.3,"13,391"
B09T2WRLJJ,20999.0,26999.0,22%,3.9,"25,824"
B089WB69Y1,249.0,649.0,62%,4,"14,404"
B0116MIKKC,99.0,171.0,42%,4.5,"11,339"
B09P858DK8,489.0,1999.0,76%,4,"3,626"
B07DJLFMPS,369.0,1600.0,77%,4,"32,625"
B07WHQWXL7,15499.0,20999.0,26%,4.1,"19,252"
B07WDK3ZS6,15499.0,18999.0,18%,4.1,"19,252"
B09T2S8X9C,22999.0,28999.0,21%,3.9,"25,824"
B07S9S86BF,599.0,1490.0,60%,4.1,"1,61,679"
B07N8RQ6W7,134.0,699.0,81%,4.1,"16,685"
B09FKDH6FS,7499.0,7999.0,6%,4,"30,907"
B08HVJCW95,1149.0,2199.0,48%,4.3,"1,78,912"
B09YDFDVNS,1324.0,1699.0,22%,4,"1,28,311"
B07WGPKTS4,13999.0,19999.0,30%,4.1,"19,252"
B0789LZTCJ,299.0,799.0,63%,4.2,"94,364"
B09MZCQYHZ,999.0,1599.0,38%,4,"7,222"
B0B4F2ZWL3,12999.0,17999.0,28%,4.1,"18,998"
B08VB2CMR3,15490.0,20990.0,26%,4.2,"32,916"
B095RTJH1M,999.0,2899.0,66%,4.6,"26,603"
B097R25DP7,1599.0,4999.0,68%,4,"67,950"
B09YDFKJF8,1324.0,1699.0,22%,4,"1,28,311"
B07WDK3ZS2,20999.0,29990.0,30%,4.3,"9,499"
B08RZ5K9YH,999.0,1999.0,50%,4.3,"1,777"
B08444S68L,12490.0,15990.0,22%,4.2,"58,506"
B07WHQBZLS,17999.0,21990.0,18%,4,"21,350"
B085DTN6R2,350.0,899.0,61%,4.2,"2,263"
B09JS562TP,1399.0,1630.0,14%,4,"9,378"
B09KLVMZ3B,159.0,399.0,60%,4.1,"4,768"
B09V17S2BG,1499.0,6990.0,79%,3.9,"21,796"
B0B5CGTBKV,1999.0,7990.0,75%,3.8,"17,833"
B0B23LW7NV,999.0,2899.0,66%,4.7,"7,779"
B09KGV7WSV,2099.0,5999.0,65%,4.3,"17,129"
B0971DWFDT,337.0,699.0,52%,4.2,"4,969"
B0BNV7JM5Y,2999.0,7990.0,62%,4.1,154
B0B53QFZPY,1299.0,5999.0,78%,3.3,"4,415"
B083342NKJ,349.0,399.0,13%,4.4,"18,757"
B07WJWRNVK,16499.0,20990.0,21%,4,"21,350"
B01F25X6RQ,499.0,499.0,0%,4.2,"31,539"
B09C6HXFC1,970.0,1799.0,46%,4.5,815
B0B244R4KB,999.0,2899.0,66%,4.6,"6,129"
B0BMGG6NKT,10499.0,13499.0,22%,4.2,284
B082LSVT4B,249.0,399.0,38%,4,"43,994"
B092JHPL72,251.0,999.0,75%,3.7,"3,234"
B08WRBG3XW,199.0,499.0,60%,4.1,"13,045"
B09GFM8CGS,6499.0,7999.0,19%,4.1,"3,13,832"
B0B3MWYCHQ,2999.0,9999.0,70%,4.2,"20,879"
B09J2MM5C6,279.0,1499.0,81%,4.2,"2,646"
B07Q4QV1DL,269.0,1499.0,82%,4.5,"28,978"
B0B56YRBNT,8999.0,13499.0,33%,3.8,"3,145"
B09NHVCHS9,59.0,199.0,70%,4,"9,377"
B01DF26V7A,599.0,1299.0,54%,4.1,"1,92,589"
B08K4PSZ3V,349.0,999.0,65%,3.8,"16,557"
B0B4F1YC3J,13999.0,19499.0,28%,4.1,"18,998"
B08K4RDQ71,349.0,999.0,65%,3.8,"16,557"
B085CZ3SR1,499.0,599.0,17%,4.2,"21,916"
B09YV3K34W,2199.0,9999.0,78%,4.2,"29,472"
B09Z6WH2N1,95.0,499.0,81%,4.2,"1,949"
B09NL4DJ2Z,139.0,249.0,44%,4,"9,377"
B0BGSV43WY,4499.0,7999.0,44%,3.5,37
B0926V9CTV,89.0,599.0,85%,4.3,"2,351"
B07WGPKMP5,15499.0,20999.0,26%,4.1,"19,253"
B0BBFJ9M3X,13999.0,15999.0,13%,3.9,"2,180"
B09PLFJ7ZW,1999.0,4999.0,60%,3.9,"7,571"
B0B53NXFFR,1399.0,5999.0,77%,3.3,"4,415"
B07GNC2592,599.0,999.0,40%,4,"18,654"
B09TP5KBN7,199.0,1099.0,82%,4,"3,197"
B0949SBKMP,1799.0,6990.0,74%,4,"26,880"
B09V175NP7,1499.0,6990.0,79%,3.9,"21,796"
B07WHSJXLF,20999.0,29990.0,30%,4.3,"9,499"
B0BD3T6Z1D,12999.0,13499.0,4%,4.1,"56,098"
B09LHYZ3GJ,16999.0,20999.0,19%,4.1,"31,822"
B07WFPMGQQ,19999.0,27990.0,29%,4.3,"9,499"
B09QS9X9L8,12999.0,18999.0,32%,4.1,"50,772"
B0B6BLTGTT,2999.0,5999.0,50%,4.1,"7,148"
B077Z65HSD,299.0,999.0,70%,4.3,"20,850"
B09W5XR9RT,970.0,1999.0,51%,4.4,184
B084DTMYWK,329.0,999.0,67%,4.2,"3,492"
B0B53QLB9H,1299.0,5999.0,78%,3.3,"4,415"
B0BDYW3RN3,1989.0,3500.0,43%,4.4,"67,260"
B0B3RS9DNF,1999.0,9999.0,80%,4.3,"27,704"
B09QS9X16F,12999.0,18999.0,32%,4.1,"50,772"
B08HV25BBQ,1499.0,4999.0,70%,4,"92,588"
B09LJ116B5,16999.0,20999.0,19%,4.1,"31,822"
B0BMVWKZ8G,1999.0,8499.0,76%,4.3,240
B0BD92GDQH,4999.0,6999.0,29%,3.8,758
B08Y1SJVV5,99.0,666.66,85%,3.9,"24,870"
B0B5GF6DQD,2499.0,5999.0,58%,3.7,828
B09JS94MBV,1399.0,1630.0,14%,4,"9,378"
B09YV463SW,1499.0,9999.0,85%,4.2,"22,638"
B07XLCFSSN,899.0,1900.0,53%,4.4,"13,552"
B09NL4DCXK,249.0,599.0,58%,3.9,"2,147"
B0B8CHJLWJ,299.0,1199.0,75%,4.5,596
B0B8ZWNR5T,79.0,499.0,84%,4.2,"1,949"
B0BBFJLP21,13999.0,15999.0,13%,3.9,"2,180"
B01F262EUU,949.0,999.0,5%,4.2,"31,539"
B09VZBGL1N,99.0,499.0,80%,4.1,"2,451"
B0BNVBJW2S,2499.0,7990.0,69%,4.1,154
B0B2DJ5RVQ,689.0,1999.0,66%,4.3,"1,193"
B096TWZRJC,499.0,1899.0,74%,4.1,"1,475"
B09GP6FBZT,299.0,999.0,70%,4.3,"8,891"
B0B3DV7S9B,209.0,499.0,58%,3.6,104
B09MKP344P,8499.0,12999.0,35%,4.1,"6,662"
B08JW1GVS7,2179.0,3999.0,46%,4,"8,380"
B09LHZSMRR,16999.0,20999.0,19%,4.1,"31,822"
B0B5V47VK4,44999.0,49999.0,10%,4.3,"3,075"
B08H21B6V7,2599.0,2999.0,13%,3.9,"14,266"
B09BNXQ6BR,2799.0,6499.0,57%,4.1,"38,879"
B01FSYQ2A4,1399.0,2990.0,53%,4.1,"97,175"
B08L5FM4JC,649.0,2400.0,73%,4.4,"67,260"
B0B54Y2SNX,799.0,3990.0,80%,3.8,119
B08BQ947H3,149.0,149.0,0%,4.3,"10,833"
B082T6V3DT,799.0,2100.0,62%,4.3,"8,188"
B0B7DHSKS7,3799.0,5299.0,28%,3.5,"1,641"
B09SJ1FTYV,199.0,1899.0,90%,4,"4,740"
B09XJ5LD6L,23999.0,32999.0,27%,3.9,"8,866"
B07WHS7MZ1,29990.0,39990.0,25%,4.3,"8,399"
B0BBVKRP7B,281.0,1999.0,86%,2.8,87
B09NY7W8YD,7998.0,11999.0,33%,3.8,125
B0BMM7R92G,249.0,999.0,75%,4.5,38
B08M66K48D,299.0,599.0,50%,4.3,"4,674"
B09RFB2SJQ,499.0,1899.0,74%,4.1,412
B0B82YGCF6,899.0,3499.0,74%,3,681
B08HF4W2CT,1599.0,3499.0,54%,4,"36,384"
B08BCKN299,120.0,999.0,88%,3.9,"6,491"
B0B2X35B1K,3999.0,6999.0,43%,4.1,"10,229"
B09QS9CWLV,12999.0,18999.0,32%,4.1,"50,772"
B0B1NX6JTN,1599.0,2599.0,38%,4.3,"1,801"
B078G6ZF5Z,699.0,1199.0,42%,4,"14,404"
B0BBW521YC,99.0,999.0,90%,4.4,305
B09HSKYMB3,7915.0,9999.0,21%,4.3,"1,376"
B09YV42QHZ,1499.0,7999.0,81%,4.2,"22,638"
B09BF8JBWX,1055.0,1249.0,16%,3.8,"2,352"
B0B5YBGCKD,150.0,599.0,75%,4.3,714
B01GGKYKQM,219.0,700.0,69%,4.3,"20,052"
B09MY4W73Q,474.0,1799.0,74%,4.3,"1,454"
B08R69VDHT,115.0,499.0,77%,4,"7,732"
B09T37CKQ5,239.0,599.0,60%,3.9,"2,147"
B09GFPN6TP,7499.0,9499.0,21%,4.1,"3,13,832"
B0B298D54H,265.0,999.0,73%,3.7,465
B08VB57558,37990.0,74999.0,49%,4.2,"27,790"
B09CMP1SC8,199.0,499.0,60%,4.1,602
B09YLXYP7Y,179.0,399.0,55%,4,"1,423"
B0B9BXKBC7,1799.0,3999.0,55%,4.6,245
B09NY6TRXG,8499.0,11999.0,29%,3.9,276
B09NVPJ3P4,1999.0,3999.0,50%,4,"30,254"
B0B3NDPCS9,3999.0,17999.0,78%,4.3,"17,161"
B09VGKFM7Y,219.0,499.0,56%,4.4,14
B07QCWY5XV,599.0,1399.0,57%,4.1,"14,560"
B098QXR9X2,2499.0,2999.0,17%,4.1,"3,156"
B07H1S7XW8,89.0,499.0,82%,4.1,"9,340"
B0BNXFDTZ2,2999.0,11999.0,75%,4.4,768
B088ZFJY82,314.0,1499.0,79%,4.5,"28,978"
B0B4F4QZ1H,13999.0,19499.0,28%,4.1,"18,998"
B09BCNQ9R2,139.0,499.0,72%,4.2,"4,971"
B0B9BD2YL4,2599.0,6999.0,63%,4.5,"1,526"
B071Z8M4KX,365.0,999.0,63%,4.1,"3,63,711"
B09N3ZNHTY,1499.0,4490.0,67%,3.9,"1,36,954"
B0B3RRWSF6,1998.0,9999.0,80%,4.3,"27,709"
B0B5B6PQCT,1799.0,7990.0,77%,3.8,"17,833"
B005FYNT3G,289.0,650.0,56%,4.3,"2,53,105"
B01J0XWYKQ,599.0,895.0,33%,4.4,"61,314"
B09CTRPSJR,217.0,237.0,8%,3.8,"7,354"
B08JQN8DGZ,1299.0,2990.0,57%,3.8,"1,80,998"
B0B72BSW7K,263.0,699.0,62%,3.5,690
B0BDRVFDKP,569.0,1000.0,43%,4.4,"67,262"
B0B5LVS732,1999.0,4999.0,60%,4.1,"10,689"
B08TV2P1N8,1399.0,3990.0,65%,4.1,"1,41,841"
B07XCM6T4N,349.0,1499.0,77%,4.3,"24,791"
B07T5DKR5D,149.0,399.0,63%,3.5,"21,764"
B01DEWVZ2C,599.0,999.0,40%,4.1,"1,92,587"
B07PR1CL3S,1220.0,3990.0,69%,4.1,"1,07,151"
B09V12K8NT,1499.0,6990.0,79%,3.9,"21,797"
B07JQKQ91F,499.0,999.0,50%,3.9,"92,995"
B08W56G1K9,99.0,999.0,90%,4.1,"8,751"
B07WG8PDCW,349.0,1299.0,73%,4,"14,283"
B01L8ZNWN2,475.0,1500.0,68%,4.2,"64,273"
B009VCGPSY,269.0,649.0,59%,4.3,"54,315"
B0B296NTFV,299.0,599.0,50%,4.1,"1,597"
B09NVPSCQT,1599.0,3999.0,60%,4,"30,254"
B09YV4RG4D,1499.0,7999.0,81%,4.2,"22,638"
B07TCN5VR9,329.0,999.0,67%,3.9,"77,027"
B00ZYLMQH0,549.0,1799.0,69%,4.3,"28,829"
B09YV4MW2T,2199.0,9999.0,78%,4.2,"29,478"
B01HJI0FS2,299.0,650.0,54%,4.5,"33,176"
B076B8G5D8,798.0,1995.0,60%,4,"68,664"
B07JW9H4J1,399.0,1099.0,64%,4.2,"24,269"
B014SZO90Y,266.0,315.0,16%,4.5,"28,030"
B07KCMR8D6,50.0,50.0,0%,4.3,"5,792"
B00N1U9AJS,130.0,165.0,21%,3.9,"14,778"
B07KY3FNQP,449.0,1290.0,65%,4.1,"91,770"
B0B3N7LR6K,3999.0,16999.0,76%,4.3,"17,162"
B07QZ3CZ48,399.0,1290.0,69%,4.2,206
B09T3H12GV,1399.0,2498.0,44%,4.2,"33,717"
B098NS6PVG,199.0,349.0,43%,4,"43,994"
B096MSW6CT,199.0,999.0,80%,3.9,"7,928"
B09ZQK9X8G,2998.0,5999.0,50%,4.1,"5,179"
B08ZJDWTJ1,4098.0,4999.0,18%,4.5,"50,810"
B08FTFXNNB,499.0,1999.0,75%,3.7,"3,369"
B08YDFX7Y1,299.0,449.0,33%,3.5,"11,827"
B08HDJ86NZ,329.0,699.0,53%,4.2,"94,364"
B087FXHB6J,699.0,999.0,30%,3.5,"15,295"
B07N42JB4S,799.0,3990.0,80%,4.3,"27,139"
B0B31BYXQQ,1399.0,5499.0,75%,3.9,"9,504"
B08CF3B7N1,154.0,399.0,61%,4.2,"16,905"
B07SLMR1K6,519.0,1350.0,62%,4.3,"30,058"
B09MQSCJQ1,2299.0,7990.0,71%,4.2,"69,619"
B094YFFSMY,399.0,1999.0,80%,4,"3,382"
B092X94QNQ,1499.0,3990.0,62%,4.1,"1,09,864"
B0846D5CBP,1295.0,1295.0,0%,4.5,"5,760"
B00KXULGJQ,1889.0,5499.0,66%,4.2,"49,551"
B08H9Z3XQW,455.0,1490.0,69%,4.1,"1,61,677"
B08LPJZSSW,399.0,995.0,60%,3.9,"21,372"
B09MT84WV5,1059.0,3999.0,74%,4.3,"1,40,035"
B08Y1TFSP6,149.0,1000.0,85%,3.9,"24,870"
B08CYPB15D,717.0,761.0,6%,4,"7,199"
B085HY1DGR,99.0,999.0,90%,4,"1,396"
B00MFPCY5C,39.0,299.0,87%,3.5,"15,233"
B07JJFSG2B,889.0,2500.0,64%,4.3,"55,747"
B09NR6G588,1199.0,4999.0,76%,3.8,"14,961"
B07JPX9CR7,569.0,1299.0,56%,4.4,"9,275"
B08D11DZ2W,1499.0,8999.0,83%,3.7,"28,324"
B07Q7561HD,149.0,180.0,17%,4.4,644
B0819HZPXL,399.0,549.0,27%,4.4,"18,139"
B00LXTFMRS,191.0,225.0,15%,4.4,"7,203"
B0B9LDCX89,129.0,999.0,87%,4.2,491
B0765B3TH7,199.0,599.0,67%,4.5,"13,568"
B0B1F6GQPS,999.0,4499.0,78%,3.8,"3,390"
B07LG59NPV,899.0,4499.0,80%,3.8,"1,03,052"
B07RD611Z8,1799.0,2499.0,28%,4.1,"18,678"
B08WRWPM22,176.63,499.0,65%,4.1,"15,189"
B00AXHBBXU,522.0,550.0,5%,4.4,"12,179"
B08MCD9JFY,799.0,1999.0,60%,3.8,"12,958"
B083RCTXLL,681.0,1199.0,43%,4.2,"8,258"
B08HLZ28QC,1199.0,3490.0,66%,4.1,"11,716"
B07GVR9TG7,2499.0,4999.0,50%,4.4,"35,024"
B0856HY85J,1799.0,4999.0,64%,4.1,"55,192"
B07CD2BN46,429.0,599.0,28%,4.1,"1,19,466"
B07PLHTTB4,100.0,499.0,80%,3.5,"9,638"
B077T3BG5L,329.0,399.0,18%,3.6,"33,735"
B08DDRGWTJ,229.0,299.0,23%,4.3,"30,411"
B079Y6JZC8,139.0,299.0,54%,3.8,"3,044"
B0856HNMR7,1199.0,2499.0,52%,4,"33,584"
B0B12K5BPM,1049.0,2299.0,54%,3.9,"1,779"
B08MTCKDYN,119.0,299.0,60%,4.1,"5,999"
B08CF3D7QR,154.0,339.0,55%,4.3,"13,391"
B00LVMTA2A,225.0,250.0,10%,4.4,"26,556"
B07TR5HSR9,656.0,1499.0,56%,4.3,"25,903"
B0819ZZK5K,1109.0,2800.0,60%,4.3,"53,464"
B096VF5YYF,2999.0,7990.0,62%,4.1,"48,448"
B08QJJCY2Q,169.0,299.0,43%,4.4,"5,176"
B07L5L4GTB,309.0,404.0,24%,4.4,"8,614"
B07L8KNP5F,599.0,1399.0,57%,3.8,"60,026"
B08CF4SCNP,299.0,599.0,50%,3.8,"3,066"
B09XX51X2G,449.0,999.0,55%,4,"2,102"
B01M72LILF,799.0,1295.0,38%,4.4,"34,852"
B07KSMBL2H,219.0,700.0,69%,4.4,"4,26,972"
B00LZLQ624,157.0,160.0,2%,4.5,"8,618"
B07DJLFMPS,369.0,1600.0,77%,4,"32,625"
B09GB5B4BK,599.0,899.0,33%,4,"4,018"
B015ZXUDD0,479.0,599.0,20%,4.3,"11,687"
B085DTN6R2,350.0,899.0,61%,4.2,"2,262"
B09PL79D2X,1598.0,2990.0,47%,3.8,"11,015"
B098K3H92Z,599.0,899.0,33%,4.3,"95,116"
B09KLVMZ3B,159.0,399.0,60%,4.1,"4,768"
B084PJSSQ1,1299.0,3000.0,57%,4.3,"23,022"
B097R25DP7,1599.0,4999.0,68%,4,"67,951"
B097C564GC,294.0,4999.0,94%,4.3,"4,426"
B08CYNJ5KY,828.0,861.0,4%,4.2,"4,567"
B00Y4ORQ46,745.0,795.0,6%,4,"13,797"
B074CWD7MS,1549.0,2495.0,38%,4.4,"15,137"
B083342NKJ,349.0,399.0,13%,4.4,"18,757"
B09C6HXFC1,970.0,1799.0,46%,4.5,815
B00A0VCJPI,1469.0,2499.0,41%,4.2,"1,56,638"
B00UGZWM2I,198.0,800.0,75%,4.1,"9,344"
B00R1P3B4O,549.0,549.0,0%,4.5,"4,875"
B0B3MWYCHQ,2999.0,9999.0,70%,4.2,"20,881"
B09DG9VNWB,12000.0,29999.0,60%,4.3,"4,744"
B09Y5MP7C4,1299.0,3499.0,63%,3.9,"12,452"
B01DJJVFPC,269.0,315.0,15%,4.5,"17,810"
B07DFYJRQV,799.0,1499.0,47%,4.1,"53,648"
B08L879JSN,6299.0,13750.0,54%,4.2,"2,014"
B08TDJNM3G,59.0,59.0,0%,3.8,"5,958"
B06XSK3XL6,571.0,999.0,43%,4.3,"38,221"
B07YNTJ8ZM,549.0,999.0,45%,3.9,"64,705"
B09KGV7WSV,2099.0,5999.0,65%,4.3,"17,129"
B08DPLCM6T,13490.0,21990.0,39%,4.3,"11,976"
B07KR5P3YD,448.0,699.0,36%,3.9,"17,348"
B08FB2LNSZ,1499.0,2999.0,50%,3.7,"87,798"
B01IBRHE3E,299.0,499.0,40%,4.2,"24,432"
B01N6LU1VF,579.0,1400.0,59%,4.3,"1,89,104"
B07XLML2YS,2499.0,3299.0,24%,4.2,"93,112"
B086WMSCN3,1199.0,5999.0,80%,3.9,"47,521"
B003B00484,399.0,499.0,20%,4.3,"27,201"
B085194JFL,279.0,499.0,44%,3.7,"10,962"
B09F6S8BT6,13490.0,22900.0,41%,4.3,"16,299"
B003L62T7W,279.0,375.0,26%,4.3,"31,534"
B09P18XVW6,2499.0,4999.0,50%,3.9,"7,571"
B00LZLPYHW,137.0,160.0,14%,4.4,"6,537"
B09NHVCHS9,59.0,199.0,70%,4,"9,377"
B00NNQMYNE,299.0,499.0,40%,4.5,"21,010"
B0B217Z5VK,1799.0,3999.0,55%,3.9,"3,517"
B07B88KQZ8,1999.0,2999.0,33%,4.3,"63,899"
B01M4GGIVU,199.0,699.0,72%,4.2,"12,153"
B07Z3K96FR,399.0,1499.0,73%,4.1,"5,730"
B0756CLQWL,1699.0,3999.0,58%,4.2,"25,488"
B004IO5BMQ,699.0,995.0,30%,4.5,"54,405"
B09Z6WH2N1,95.0,499.0,81%,4.2,"1,949"
B01HGCLUH6,1149.0,1699.0,32%,4.2,"1,22,478"
B01N4EV2TL,1495.0,1995.0,25%,4.3,"7,241"
B08MZQBFLN,849.0,4999.0,83%,4,"20,457"
B0752LL57V,440.0,440.0,0%,4.5,"8,610"
B08K4PSZ3V,349.0,999.0,65%,3.8,"16,557"
B09Z28BQZT,599.0,3999.0,85%,3.9,"1,087"
B094DQWV9B,149.0,399.0,63%,4,"1,540"
B0BBMPH39N,289.0,999.0,71%,4.1,401
B097JQ1J5G,179.0,499.0,64%,3.4,"9,385"
B07YY1BY5B,1499.0,4999.0,70%,4,"92,588"
B08VRMK55F,399.0,699.0,43%,3.4,"3,454"
B08CHZ3ZQ7,599.0,799.0,25%,4.3,"15,790"
B08SCCG9D4,949.0,2000.0,53%,3.9,"14,969"
B0972BQ2RS,2499.0,9999.0,75%,4.1,"42,139"
B00ZRBWPA0,159.0,180.0,12%,4.3,989
B0B2DD66GS,1329.0,2900.0,54%,4.5,"19,624"
B09M869Z5V,570.0,999.0,43%,4.2,"3,201"
B07W6VWZ8C,899.0,1999.0,55%,4.1,"30,469"
B07Z1X6VFC,449.0,999.0,55%,4.4,"9,940"
B07YL54NVJ,549.0,999.0,45%,4.3,"7,758"
B0759QMF85,1529.0,2399.0,36%,4.3,"68,409"
B00LM4X0KU,100.0,100.0,0%,4.3,"3,095"
B08PFSZ7FH,299.0,1499.0,80%,4.2,903
B012MQS060,1295.0,1795.0,28%,4.1,"25,771"
B01MF8MB65,699.0,999.0,30%,4.1,"2,73,189"
B00LHZWD0C,252.0,315.0,20%,4.5,"3,785"
B08QDPB1SL,190.0,220.0,14%,4.4,"2,866"
B07BRKK9JQ,1299.0,1599.0,19%,4.3,"27,223"
B01EZ0X3L8,729.0,1650.0,56%,4.3,"82,356"
B00LM4W1N2,480.0,600.0,20%,4.3,"5,719"
B0949SBKMP,1799.0,6990.0,74%,4,"26,880"
B08YD264ZS,999.0,2499.0,60%,4.3,"1,690"
B094JNXNPV,299.0,399.0,25%,4,"2,766"
B00GZLB57U,238.0,699.0,66%,4.4,"8,372"
B07V82W5CN,1349.0,2198.0,39%,4,"7,113"
B077Z65HSD,299.0,999.0,70%,4.3,"20,850"
B08HD7JQHX,199.0,499.0,60%,3.3,"2,804"
B0B31FR4Y2,1999.0,9999.0,80%,3.7,"1,986"
B09Y14JLP3,99.0,499.0,80%,4.1,"2,451"
B09ZHCJDP1,499.0,1000.0,50%,5,23
B08C4Z69LN,1792.0,3500.0,49%,4.5,"26,194"
B016XVRKZM,3299.0,4100.0,20%,3.9,"15,783"
B00LHZW3XY,125.0,180.0,31%,4.4,"8,053"
B098JYT4SY,399.0,1190.0,66%,4.1,"2,809"
B08CFCK6CW,1199.0,7999.0,85%,3.6,"25,910"
B09P564ZTJ,235.0,1599.0,85%,3.8,"1,173"
B07MSLTW8Z,549.0,1999.0,73%,3.6,"6,422"
B09N6TTHT6,89.0,99.0,10%,4.2,241
B09W5XR9RT,970.0,1999.0,51%,4.4,184
B098R25TGC,1299.0,2999.0,57%,3.8,"14,629"
B0B2PQL5N3,230.0,999.0,77%,4.2,"1,528"
B07DKZCZ89,119.0,499.0,76%,4.3,"15,032"
B08GYG6T12,449.0,800.0,44%,4.4,"69,585"
B09BN2NPBD,1699.0,3495.0,51%,4.1,"14,371"
B00J4YG0PC,561.0,720.0,22%,4.4,"3,182"
B073BRXPZX,289.0,590.0,51%,4.4,"25,886"
B08LHTJTBB,599.0,1999.0,70%,4.4,"4,736"
B07VTFN6HM,5599.0,7350.0,24%,4.4,"73,005"
B008QS9J6Y,1990.0,2595.0,23%,4.3,"20,398"
B09M8888DM,499.0,799.0,38%,4.3,"2,125"
B07Z1YVP72,449.0,999.0,55%,4.3,"11,330"
B082FTPRSK,999.0,1999.0,50%,4.2,"27,441"
B09RF2QXGX,69.0,299.0,77%,4.3,255
B01KK0HU3Y,899.0,1499.0,40%,4.2,"23,174"
B07JF9B592,478.0,699.0,32%,3.8,"20,218"
B086394NY5,1399.0,2490.0,44%,4.3,"11,074"
B00NH11PEY,199.0,750.0,73%,4.5,"74,976"
B017PDR9N0,149.0,499.0,70%,4.1,"25,607"
B07NC12T2R,1799.0,4990.0,64%,4.2,"41,226"
B07WKBD37W,425.0,999.0,57%,4,"2,581"
B08JMC1988,999.0,2490.0,60%,4.1,"18,331"
B09GFN8WZL,378.0,999.0,62%,4.1,"1,779"
B095X38CJS,99.0,99.0,0%,4.3,388
B07ZKD8T1Q,1499.0,2999.0,50%,4.5,"8,656"
B07G3YNLJB,1815.0,3100.0,41%,4.5,"92,925"
B00P93X2H6,67.0,75.0,11%,4.1,"1,269"
B0798PJPCL,1889.0,2699.0,30%,4.3,"17,394"
B09GFWJDY1,499.0,1499.0,67%,3.6,"9,169"
B09MZ6WZ6V,499.0,999.0,50%,4.4,"1,030"
B094QZLJQ6,5799.0,7999.0,28%,4.5,"50,273"
B07L3NDN24,499.0,799.0,38%,3.9,"6,742"
B08WD18LJZ,249.0,600.0,59%,4,"1,208"
B09CMM3VGK,179.0,499.0,64%,4,"1,933"
B06XDKWLJH,4449.0,5734.0,22%,4.4,"25,006"
B01J1CFO5I,299.0,550.0,46%,4.6,"33,434"
B07J2NGB69,629.0,1390.0,55%,4.4,"6,301"
B00MUTWLW4,2595.0,3295.0,21%,4.4,"22,618"
B08QSC1XY8,389.0,1099.0,65%,4.3,974
B017NC2IPM,1799.0,2911.0,38%,4.3,"20,342"
B00N1U7JXM,90.0,175.0,49%,4.4,"7,429"
B08HQL67D6,599.0,599.0,0%,4,"26,423"
B09RKFBCV7,1999.0,7999.0,75%,4.2,"31,305"
B08KHM9VBJ,2099.0,3250.0,35%,3.8,"11,213"
B01IOZUHRS,179.0,499.0,64%,4.1,"10,174"
B00CEQEGPI,1345.0,2295.0,41%,4.2,"17,413"
B08B6XWQ1C,349.0,995.0,65%,4.2,"6,676"
B01DGVKBC6,287.0,499.0,42%,4.4,"8,076"
B008FWZGSG,599.0,599.0,0%,4.3,355
B08JD36C6H,349.0,450.0,22%,4.1,"18,656"
B00E3DVQFS,879.0,1109.0,21%,4.4,"31,599"
B0B4HJNPV4,199.0,999.0,80%,3.9,"1,075"
B00BN5SNF0,250.0,250.0,0%,3.9,"13,971"
B09SGGRKV8,199.0,499.0,60%,3.6,"2,492"
B07XLCFSSN,899.0,1900.0,53%,4.4,"13,552"
B09RZS1NQT,199.0,999.0,80%,4,575
B084BR3QX8,149.0,999.0,85%,3.5,"2,523"
B09VC2D2WG,469.0,1499.0,69%,4.1,352
B09163Q5CD,1187.0,1929.0,38%,4.1,"1,662"
B08K9PX15C,849.0,1499.0,43%,4,"7,352"
B083RD1J99,328.0,399.0,18%,4.1,"3,441"
B09Z7YGV3R,269.0,699.0,62%,4,93
B00N3XLDW0,299.0,400.0,25%,3.8,"40,895"
B07Z53L5QL,549.0,1499.0,63%,4.3,"11,006"
B00P93X0VO,114.0,120.0,5%,4.2,"8,938"
B07SBGFDX9,120.0,120.0,0%,4.1,"4,308"
B09C6HWG18,970.0,1999.0,51%,4.2,462
B00NH11KIK,209.0,695.0,70%,4.5,"1,07,686"
B07X2L5Z8C,1490.0,2295.0,35%,4.6,"10,652"
B00VA7YYUO,99.0,99.0,0%,4.3,"5,036"
B07L9FW9GF,149.0,249.0,40%,4,"5,057"
B08D64C9FN,575.0,2799.0,79%,4.2,"8,537"
B07XJYYH7L,333.0,999.0,67%,3.3,"9,792"
B00LOD70SC,178.0,210.0,15%,4.3,"2,450"
B09X76VL5L,1599.0,3490.0,54%,3.7,676
B091JF2TFD,499.0,1299.0,62%,3.9,"1,173"
B07S7DCJKS,199.0,499.0,60%,4.3,"9,998"
B09NC2TY11,2499.0,5999.0,58%,4.1,"5,852"
B0BDS8MY8J,199.0,999.0,80%,4.2,362
B09X7DY7Q4,939.0,1800.0,48%,4.5,"2,05,052"
B09YV575RK,2499.0,9999.0,75%,4,"9,090"
B08LW31NQ6,1439.0,2890.0,50%,4.5,"4,099"
B09ND94ZRG,1099.0,5999.0,82%,3.5,"12,966"
B00P93X6EK,157.0,160.0,2%,4.5,"4,428"
B07KRCW6LZ,999.0,1599.0,38%,4.3,"12,093"
B0994GP1CX,115.0,999.0,88%,3.3,"5,692"
B07H8W9PB6,175.0,499.0,65%,4.1,21
B09NNHFSSF,1999.0,4700.0,57%,3.8,"1,880"
B08D9NDZ1Y,3999.0,4332.96,8%,3.5,"21,762"
B0085IATT6,899.0,1800.0,50%,4.1,"22,375"
B08WJ86PV2,299.0,990.0,70%,4.5,"2,453"
B078HRR1XV,3303.0,4699.0,30%,4.4,"13,544"
B09P22HXH6,1890.0,5490.0,66%,4.1,"10,976"
B00LM4X3XE,90.0,100.0,10%,4.3,"3,061"
B09YLFHFDW,1599.0,2790.0,43%,3.6,"2,272"
B07YWS9SP9,599.0,999.0,40%,4,"7,601"
B002PD61Y4,507.0,1208.0,58%,4.1,"8,131"
B08WLY8V9S,425.0,899.0,53%,4.5,"4,219"
B0873L7J6X,1499.0,3999.0,63%,4.2,"42,775"
B07YNHCW6N,549.0,2499.0,78%,4.3,"5,556"
B07232M876,199.0,395.0,50%,4.2,"92,595"
B01MQ2A86A,1295.0,1645.0,21%,4.6,"12,375"
B00KIE28X0,310.0,310.0,0%,4.5,"5,882"
B08BQ947H3,149.0,149.0,0%,4.3,"10,833"
B0BHYJ8CVF,1149.0,1499.0,23%,4.1,"10,443"
B0BCVJ3PVP,499.0,1299.0,62%,4.5,434
B0B2931FCV,999.0,4199.0,76%,3.5,"1,913"
B09TMZ1MF8,1709.0,4000.0,57%,4.4,"3,029"
B07VV37FT4,250.0,250.0,0%,4.2,"2,628"
B07P681N66,1199.0,2199.0,45%,4.4,"24,780"
B07JB2Y4SR,90.0,100.0,10%,4.4,"10,718"
B08KRMK9LZ,2025.0,5999.0,66%,4.2,"6,233"
B08LT9BMPP,1495.0,1995.0,25%,4.5,"10,541"
B082T6V3DT,799.0,2100.0,62%,4.3,"8,188"
B0814ZY6FP,899.0,1199.0,25%,3.8,"10,751"
B09F3PDDRF,349.0,999.0,65%,3.9,817
B07X963JNS,900.0,2499.0,64%,4,"36,384"
B09LD3116F,2490.0,3990.0,38%,4.1,"3,606"
B08Y5QJTVK,116.0,200.0,42%,4.4,357
B00LY1FN1K,200.0,230.0,13%,4.4,"10,170"
B07DJ5KYDZ,1249.0,2796.0,55%,4.4,"4,598"
B009LJ2BXA,649.0,999.0,35%,3.5,"7,222"
B09BVCVTBC,2649.0,3499.0,24%,4.5,"1,271"
B0BFWGBX61,199.0,349.0,43%,4.1,314
B07SY4C3TD,596.0,723.0,18%,4.4,"3,219"
B094JB13XL,2499.0,5999.0,58%,4.1,"38,879"
B08CRRQK6Z,4999.0,12499.0,60%,4.2,"4,541"
B08MTLLSL8,399.0,1290.0,69%,4.2,"76,042"
B08Y57TPDM,116.0,200.0,42%,4.3,485
B09CYTJV3N,4499.0,5999.0,25%,4.3,"44,696"
B07GLNJC25,330.0,499.0,34%,3.7,"8,566"
B08FY4FG5X,649.0,2499.0,74%,3.9,"13,049"
B07TMCXRFV,1234.0,1599.0,23%,4.5,"16,680"
B01FSYQ2A4,1399.0,2990.0,53%,4.1,"97,174"
B00LZPQVMK,272.0,320.0,15%,4,"3,686"
B08X77LM8C,99.0,999.0,90%,3.8,594
B01EJ5MM5M,3498.0,3875.0,10%,3.4,"12,185"
B08J82K4GX,10099.0,19110.0,47%,4.3,"2,623"
B07Z1Z77ZZ,449.0,999.0,55%,4.3,"9,701"
B00DJ5N9VK,150.0,150.0,0%,4.3,"15,867"
B0B4DT8MKT,348.0,1499.0,77%,4.2,656
B08FGNPQ9X,1199.0,2999.0,60%,4.1,"10,725"
B07NTKGW45,397.0,899.0,56%,4,"3,025"
B08CDKQ8T6,154.0,349.0,56%,4.3,"7,064"
B08J4PL1Z3,699.0,1490.0,53%,4,"5,736"
B07XJWTYM2,1679.0,1999.0,16%,4.1,"72,563"
B09939XJX8,354.0,1500.0,76%,4,"1,026"
B09MDCZJXS,1199.0,5499.0,78%,3.8,"2,043"
B08CTQP51L,379.0,1499.0,75%,4.2,"4,149"
B0BG62HMDJ,499.0,775.0,36%,4.3,74
B08GTYFC37,10389.0,32000.0,68%,4.4,"41,398"
B08SBH499M,649.0,1300.0,50%,4.1,"5,195"
B08FYB5HHK,1199.0,1999.0,40%,4.5,"22,420"
B0994GFWBH,139.0,999.0,86%,4,"1,313"
B0B5GJRTHB,889.0,1999.0,56%,4.2,"2,284"
B09GBBJV72,1409.0,2199.0,36%,3.9,427
B07P434WJY,549.0,1999.0,73%,4.3,"1,367"
B07T9FV9YP,749.0,1799.0,58%,4,"13,199"
B01GGKZ0V6,329.0,845.0,61%,4.2,"29,746"
B08WKFSN84,379.0,1099.0,66%,4.3,"2,806"
B09TBCVJS3,5998.0,7999.0,25%,4.2,"30,355"
B08TR61BVK,299.0,1499.0,80%,4.2,"2,868"
B0B2CPVXHX,379.0,1499.0,75%,4.1,670
B08XNL93PL,1399.0,2999.0,53%,4.3,"3,530"
B088GXTJM3,699.0,1299.0,46%,4.3,"6,183"
B099S26HWG,300.0,300.0,0%,4.2,419
B08461VC1Z,999.0,1995.0,50%,4.5,"7,317"
B00K32PEW4,535.0,535.0,0%,4.4,"4,426"
B09F9YQQ7B,13999.0,24999.0,44%,4.2,"45,237"
B07LFWP97N,269.0,1099.0,76%,4.1,"1,092"
B0746N6WML,341.0,450.0,24%,4.3,"2,493"
B07W9KYT62,2499.0,3999.0,38%,4.4,"12,679"
B0B5ZF3NRK,349.0,599.0,42%,4.1,210
B08D9MNH4B,5899.0,7005.0,16%,3.6,"4,199"
B078G6ZF5Z,699.0,1199.0,42%,4,"14,403"
B09MKG4ZCM,1565.0,2999.0,48%,4,"11,113"
B07RZZ1QSW,326.0,799.0,59%,4.4,"10,773"
B08BCKN299,120.0,999.0,88%,3.9,"6,491"
B07222HQKP,657.0,999.0,34%,4.3,"13,944"
B00NFD0ETQ,1995.0,2895.0,31%,4.6,"10,760"
B075DB1F13,1500.0,1500.0,0%,4.4,"25,996"
B0148NPH9I,2640.0,3195.0,17%,4.5,"16,146"
B01JOFKL0A,5299.0,6355.0,17%,3.9,"8,280"
B09Q8HMKZX,263.0,699.0,62%,4.1,450
B079S811J3,1990.0,2999.0,34%,4.3,"14,237"
B0083T231O,1289.0,1499.0,14%,4.5,"20,668"
B086PXQ2R4,165.0,165.0,0%,4.5,"1,674"
B07L1N3TJX,1699.0,3499.0,51%,3.6,"7,689"
B07YFWVRCM,2299.0,7500.0,69%,4.1,"5,554"
B01GGKYKQM,219.0,700.0,69%,4.3,"20,053"
B08TDJ5BVF,39.0,39.0,0%,3.8,"3,344"
B09XXZXQC1,26999.0,37999.0,29%,4.6,"2,886"
B083T5G5PM,1490.0,1990.0,25%,4.1,"98,250"
B0BHVPTM2C,398.0,1949.0,80%,4,75
B0B86CDHL1,349.0,899.0,61%,4.5,149
B01NBX5RSB,770.0,1547.0,50%,4.3,"2,585"
B08MWJTST6,279.0,1299.0,79%,4,"5,072"
B07R99NBVB,249.0,599.0,58%,4.5,"5,985"
B08R69VDHT,115.0,499.0,77%,4,"7,732"
B00LY12TH6,230.0,230.0,0%,4.5,"9,427"
B09RWZRCP1,399.0,999.0,60%,4.1,"1,780"
B08497Z1MQ,599.0,700.0,14%,4.3,"2,301"
B07KNM95JK,598.0,1150.0,48%,4.1,"2,535"
B09Q3M3WLJ,399.0,1499.0,73%,4,691
B09B9SPC7F,499.0,1299.0,62%,4.1,"2,740"
B09CMP1SC8,199.0,499.0,60%,4.1,602
B099SD8PRP,579.0,1090.0,47%,4.4,"3,482"
B09YLXYP7Y,179.0,399.0,55%,4,"1,423"
B00S2SEV7K,90.0,100.0,10%,4.1,"6,199"
B08WKCTFF3,899.0,1999.0,55%,4.4,"1,667"
B08498D67S,1149.0,1800.0,36%,4.3,"4,723"
B00C3GBCIS,249.0,499.0,50%,4.2,"22,860"
B00URH5E34,39.0,39.0,0%,3.6,"13,572"
B00EYW1U68,1599.0,3599.0,56%,4.2,"16,182"
B08SMJT55F,1199.0,3990.0,70%,4.2,"2,908"
B0B2DJDCPX,209.0,499.0,58%,3.9,536
B08Y7MXFMK,1099.0,1499.0,27%,4.2,"2,375"
B086Q3QMFS,120.0,120.0,0%,4.5,"4,951"
B08498H13H,1519.0,3499.0,57%,4.3,408
B07LFQLKFZ,420.0,420.0,0%,4.2,"1,926"
B00LY17RHI,225.0,225.0,0%,4.1,"4,798"
B07W14CHV8,199.0,799.0,75%,4.1,"7,333"
B0B9BXKBC7,1799.0,3999.0,55%,4.6,245
B09F5Z694W,8349.0,9625.0,13%,3.8,"3,652"
B0B25LQQPC,3307.0,6100.0,46%,4.3,"2,515"
B07GVGTSLN,325.0,1299.0,75%,4.2,"10,576"
B01LYLJ99X,449.0,1300.0,65%,4.2,"4,959"
B014SZPBM4,380.0,400.0,5%,4.4,"2,111"
B08CZHGHKH,499.0,1399.0,64%,3.9,"1,462"
B0B2RBP83P,37247.0,59890.0,38%,4,323
B078W65FJ7,849.0,2490.0,66%,4.2,"91,188"
B08S74GTBT,799.0,1999.0,60%,3.7,418
B0B9BD2YL4,2599.0,6999.0,63%,4.5,"1,526"
B0BMXMLSMM,199.0,999.0,80%,4.5,127
B0141EZMAI,269.0,800.0,66%,3.6,"10,134"
B07QMRHWJD,298.0,999.0,70%,4.3,"1,552"
B07W7Z6DVL,1499.0,2999.0,50%,4.1,"25,262"
B07WMS7TWB,649.0,1245.0,48%,3.9,"1,23,365"
B00H47GVGY,1199.0,1695.0,29%,3.6,"13,300"
B07VX71FZP,1199.0,2000.0,40%,4,"18,543"
B07NCKMXVZ,455.0,999.0,54%,4.1,"3,578"
B0B61DSF17,199.0,1999.0,90%,3.7,"2,031"
B07VQGVL68,293.0,499.0,41%,3.9,"44,994"
B01LWYDEQ7,199.0,495.0,60%,4.1,"2,70,563"
B07VNFP3C2,749.0,1245.0,40%,3.9,"31,783"
B00LUGTJGO,1399.0,1549.0,10%,3.9,"2,602"
B01MQZ7J8K,749.0,1445.0,48%,3.9,"63,350"
B01GFTEV5Y,1699.0,3193.0,47%,3.8,"54,032"
B00NW4UWN6,1043.0,1345.0,22%,3.8,"15,592"
B01NCVJMKX,499.0,999.0,50%,4.1,"4,859"
B00O24PUO6,1464.0,1650.0,11%,4.1,"14,120"
B07GXPDLYQ,249.0,499.0,50%,3.3,"8,427"
B01C8P29N0,625.0,1400.0,55%,4.2,"23,316"
B08KDBLMQP,1290.0,2500.0,48%,4,"6,530"
B078JDNZJ8,3600.0,6190.0,42%,4.3,"11,924"
B01M5F614J,6549.0,13999.0,53%,4,"2,961"
B083GKDRKR,1625.0,2995.0,46%,4.5,"23,484"
B097R2V1W8,2599.0,5890.0,56%,4.1,"21,783"
B07YR26BJ3,1199.0,2000.0,40%,4,"14,030"
B097R45BH8,5499.0,13150.0,58%,4.2,"6,398"
B09X5C9VLK,1299.0,3500.0,63%,3.8,"44,050"
B01C8P29T4,599.0,785.0,24%,4.2,"24,247"
B00HVXS7WC,1999.0,3210.0,38%,4.2,"41,349"
B096YCN3SD,549.0,1000.0,45%,3.6,"1,074"
B09LQH3SD9,999.0,2000.0,50%,3.8,"1,163"
B09KNMLH4Y,398.0,1999.0,80%,4.1,257
B00ABMASXG,539.0,720.0,25%,4.1,"36,017"
B07QDSN9V6,699.0,1595.0,56%,4.1,"8,090"
B00YMJ0OI8,2148.0,3645.0,41%,4.1,"31,388"
B0B8XNPQPN,3599.0,7950.0,55%,4.2,136
B0814P4L98,351.0,999.0,65%,4,"5,380"
B008QTK47Q,1614.0,1745.0,8%,4.3,"37,974"
B088ZTJT2R,719.0,1295.0,44%,4.2,"17,218"
B0BK1K598K,678.0,1499.0,55%,4.2,900
B09Y5FZK9N,809.0,1545.0,48%,3.7,976
B09J2SCVQT,1969.0,5000.0,61%,4.1,"4,927"
B00TDD0YM4,1490.0,1695.0,12%,4.4,"3,543"
B078KRFWQB,2499.0,3945.0,37%,3.8,"2,732"
B07SRM58TP,1665.0,2099.0,21%,4,"14,368"
B00EDJJ7FS,3229.0,5295.0,39%,4.2,"39,724"
B0832W3B7Q,1799.0,3595.0,50%,3.8,"9,791"
B07WNK1FFN,1260.0,1699.0,26%,4.2,"2,891"
B009P2LK08,749.0,1129.0,34%,4,"2,446"
B07DGD4Z4C,3499.0,5795.0,40%,3.9,"25,340"
B07GMFY9QM,379.0,999.0,62%,4.3,"3,096"
B0BGPN4GGH,1099.0,2400.0,54%,3.8,4
B0B2DZ5S6R,749.0,1299.0,42%,4,119
B07S851WX5,1299.0,1299.0,0%,4.2,"40,106"
B01MY839VW,549.0,1090.0,50%,4.2,"13,029"
B09LV1CMGH,899.0,2000.0,55%,3.6,291
B01EY310UM,1321.0,1545.0,14%,4.3,"15,453"
B09NL7LBWT,1099.0,1999.0,45%,4,604
B008YW8M0G,775.0,875.0,11%,4.2,"46,647"
B097R3XH9R,6299.0,15270.0,59%,4.1,"3,233"
B08TM71L54,3190.0,4195.0,24%,4,"1,282"
B0BPBXNQQT,799.0,1989.0,60%,4.3,70
B00W56GLOQ,2699.0,5000.0,46%,4,"26,164"
B0883KDSXC,599.0,990.0,39%,3.9,"16,166"
B078V8R9BS,749.0,1111.0,33%,4.2,"35,693"
B08GSQXLJ2,6199.0,10400.0,40%,4.1,"14,391"
B01M5B0TPW,1819.0,2490.0,27%,4.4,"7,946"
B082KVTRW8,1199.0,1900.0,37%,4,"1,765"
B08CFJBZRK,3249.0,6295.0,48%,3.8,"14,062"
B07H3WDC4X,349.0,999.0,65%,4,"15,646"
B09ZTZ9N3Q,1049.0,1699.0,38%,3.1,111
B083P71WKK,799.0,1500.0,47%,4.3,"9,695"
B097R4D42G,4999.0,9650.0,48%,4.2,"1,772"
B07MKMFKPG,6999.0,10590.0,34%,4.4,"11,499"
B0949FPSFY,799.0,1999.0,60%,4.1,"2,162"
B08F47T4X5,89.0,89.0,0%,4.2,"19,621"
B01M0505SJ,1400.0,2485.0,44%,4.1,"19,998"
B08D6RCM3Q,355.0,899.0,61%,4.1,"1,051"
B009P2LITG,2169.0,3279.0,34%,4.1,"1,716"
B00V9NHDI4,2799.0,3799.0,26%,3.9,"32,931"
B07WGPBXY9,899.0,1249.0,28%,3.9,"17,424"
B00KRCBA6E,2499.0,5000.0,50%,3.8,"1,889"
B0B3X2BY3M,3599.0,7299.0,51%,4,"10,324"
B00F159RIK,499.0,625.0,20%,4.2,"5,355"
B08MV82R99,653.0,1020.0,36%,4.1,"3,366"
B09VKWGZD7,4789.0,8990.0,47%,4.3,"1,017"
B009P2LK80,1409.0,1639.0,14%,3.7,787
B00A7PLVU6,753.0,899.0,16%,4.2,"18,462"
B0B25DJ352,353.0,1199.0,71%,4.3,629
B013B2WGT6,1099.0,1899.0,42%,4.3,"15,276"
B097RJ867P,8799.0,11595.0,24%,4.4,"2,981"
B091V8HK8Z,1345.0,1750.0,23%,3.8,"2,466"
B071VNHMX2,2095.0,2095.0,0%,4.5,"7,949"
B08MVSGXMY,1498.0,2300.0,35%,3.8,95
B00H0B29DI,2199.0,2990.0,26%,3.8,"1,558"
B01GZSQJPA,3699.0,4295.0,14%,4.1,"26,543"
B08VGFX2B6,177.0,199.0,11%,4.1,"3,688"
B09GYBZPHF,1149.0,2499.0,54%,3.8,"4,383"
B0B4KPCBSH,244.0,499.0,51%,3.3,478
B09CGLY5CX,1959.0,2400.0,18%,4,237
B09JN37WBX,319.0,749.0,57%,4.6,124
B01I1LDZGA,1499.0,1775.0,16%,3.9,"14,667"
B0BN2576GQ,469.0,1599.0,71%,3.7,6
B06XPYRWV5,1099.0,1795.0,39%,4.2,"4,244"
B01N1XVVLC,9590.0,15999.0,40%,4.1,"1,017"
B00O2R38C4,999.0,1490.0,33%,4.1,"12,999"
B0B2CZTCL2,1299.0,1999.0,35%,3.8,311
B00PVT30YI,292.0,499.0,41%,4.1,"4,238"
B00SH18114,160.0,299.0,46%,4.6,"2,781"
B00E9G8KOY,600.0,600.0,0%,4.1,"10,907"
B00H3H03Q4,1130.0,1130.0,0%,4.2,"13,250"
B0756K5DYZ,3249.0,6295.0,48%,3.9,"43,070"
B0188KPKB2,3599.0,9455.0,62%,4.1,"11,828"
B091KNVNS9,368.0,699.0,47%,4.1,"1,240"
B075JJ5NQC,3199.0,4999.0,36%,4,"20,869"
B0B5KZ3C53,1599.0,2900.0,45%,3.7,441
B09NTHQRW3,1999.0,2499.0,20%,4.1,"1,034"
B008YW3CYM,616.0,1190.0,48%,4.1,"37,126"
B07QHHCB27,1499.0,2100.0,29%,4.1,"6,355"
B0BMFD94VD,199.0,499.0,60%,3.3,12
B00HZIOGXW,610.0,825.0,26%,4.1,"13,165"
B09CKSYBLR,999.0,1499.0,33%,4.1,"1,646"
B072J83V9W,8999.0,9995.0,10%,4.4,"17,994"
B09MTLG4TP,453.0,999.0,55%,4.3,610
B097XJQZ8H,2464.0,6000.0,59%,4.1,"8,866"
B00935MD1C,2719.0,3945.0,31%,3.7,"13,406"
B0BR4F878Q,1439.0,1999.0,28%,4.8,"53,803"
B0B3G5XZN5,2799.0,3499.0,20%,4.5,546
B07WKB69RS,2088.0,5550.0,62%,4,"5,292"
B09DL9978Y,2399.0,4590.0,48%,4.1,444
B06XMZV7RH,308.0,499.0,38%,3.9,"4,584"
B09WMTJPG7,2599.0,4400.0,41%,4.1,"14,947"
B09ZK6THRR,479.0,1000.0,52%,4.2,"1,559"
B07MP21WJD,245.0,299.0,18%,4.1,"1,660"
B09XB1R2F3,179.0,799.0,78%,3.5,132
B08Y5QJXSR,3569.0,5190.0,31%,4.3,"28,629"
B07WJXCTG9,699.0,1345.0,48%,3.9,"8,446"
B09NBZ36F7,2089.0,4000.0,48%,4.2,"11,199"
B0912WJ87V,2339.0,4000.0,42%,3.8,"1,118"
B0BMTZ4T1D,784.0,1599.0,51%,4.5,11
B07Z51CGGH,5499.0,9999.0,45%,3.8,"4,353"
B0BDG6QDYD,899.0,1990.0,55%,4.1,185
B00YQLG7GK,1695.0,1695.0,0%,4.2,"14,290"
B00SMJPA9C,499.0,940.0,47%,4.1,"3,036"
B0B9RN5X8B,2699.0,4700.0,43%,4.2,"1,296"
B08QW937WV,1448.0,2999.0,52%,4.5,19
B0B4PPD89B,79.0,79.0,0%,4,97
B08GM5S4CQ,6990.0,14290.0,51%,4.4,"1,771"
B00NM6MO26,2698.0,3945.0,32%,4,"15,034"
B083M7WPZD,3199.0,5999.0,47%,4,"3,242"
B07GLSKXS1,1199.0,1950.0,39%,3.9,"2,832"
B09F6KL23R,1414.0,2799.0,49%,4,"1,498"
B094G9L9LT,999.0,1950.0,49%,3.8,305
B09FZ89DK6,5999.0,9999.0,40%,4.2,"1,191"
B0811VCGL5,9970.0,12999.0,23%,4.3,"4,049"
B07FXLC2G2,698.0,699.0,0%,4.2,"3,160"
B01LYU3BZF,2199.0,3190.0,31%,4.3,"9,650"
B083RC4WFJ,320.0,799.0,60%,4.2,"3,846"
B09SFRNKSR,298.0,499.0,40%,4.4,290
B07NRTCDS5,1199.0,1499.0,20%,3.8,"2,206"
B07SPVMSC6,1399.0,2660.0,47%,4.1,"9,349"
B09H3BXWTK,599.0,2799.0,79%,3.9,578
B0073QGKAS,1499.0,1499.0,0%,4.3,"9,331"
B08GJ57MKL,14400.0,59900.0,76%,4.4,"3,837"
B009DA69W6,1699.0,1900.0,11%,3.6,"11,456"
B099PR2GQJ,649.0,999.0,35%,3.8,49
B08G8H8DPL,3249.0,6375.0,49%,4,"4,978"
B08VGM3YMF,199.0,499.0,60%,4.1,"1,996"
B08TTRVWKY,1099.0,1899.0,42%,4.3,"1,811"
B07T4D9FNY,664.0,1490.0,55%,4,"2,198"
B07RX42D3D,260.0,350.0,26%,3.9,"13,127"
B08WRKSF9D,6499.0,8500.0,24%,4.4,"5,865"
B09R83SFYV,1484.0,2499.0,41%,3.7,"1,067"
B07989VV5K,999.0,1560.0,36%,3.6,"4,881"
B07FL3WRX5,3299.0,6500.0,49%,3.7,"11,217"
B0BPCJM7TB,259.0,999.0,74%,4,43
B08H673XKN,3249.0,7795.0,58%,4.2,"4,664"
B07DXRGWDJ,4280.0,5995.0,29%,3.8,"2,112"
B08243SKCK,189.0,299.0,37%,4.2,"2,737"
B09SPTNG58,1449.0,2349.0,38%,3.9,"9,019"
B083J64CBB,199.0,499.0,60%,4,"10,234"
B08JV91JTK,474.0,1299.0,64%,4.1,550
B0BQ3K23Y1,279.0,499.0,44%,4.8,28
B09MT94QLL,1999.0,4775.0,58%,4.2,"1,353"
B07NKNBTT3,799.0,1230.0,35%,4.1,"2,138"
B09KPXTZXN,949.0,1999.0,53%,4,"1,679"
B078HG2ZPS,3657.66,5156.0,29%,3.9,"12,837"
B07N2MGB3G,1699.0,1999.0,15%,4.1,"8,873"
B008LN8KDM,1849.0,2095.0,12%,4.3,"7,681"
B08MZNT7GP,12499.0,19825.0,37%,4.1,322
B009P2L7CO,1099.0,1920.0,43%,4.2,"9,772"
B07YC8JHMB,8199.0,16000.0,49%,3.9,"18,497"
B0BNQMF152,499.0,2199.0,77%,3.7,53
B08J7VCT12,6999.0,14999.0,53%,4.1,"1,728"
B0989W6J2F,1595.0,1799.0,11%,4,"2,877"
B0B84KSH3X,1049.0,1950.0,46%,3.8,250
B08HLC7Z3G,1182.0,2995.0,61%,4.2,"5,178"
B0BN6M3TCM,499.0,999.0,50%,4.6,79
B01L6MT7E0,8799.0,11995.0,27%,4.1,"4,157"
B0B9F9PT8R,1529.0,2999.0,49%,3.3,29
B0883LQJ6B,1199.0,1690.0,29%,4.2,"4,580"
B099Z83VRC,1052.0,1790.0,41%,4.3,"1,404"
B00S9BSJC8,6499.0,8995.0,28%,4.3,"2,810"
B0B4SJKRDF,239.0,239.0,0%,4.3,7
B0BM4KTNL1,699.0,1599.0,56%,4.7,"1,729"
B08S6RKT4L,2599.0,4290.0,39%,4.4,"2,116"
B09SZ5TWHW,1547.0,2890.0,46%,3.9,463
B0BLC2BYPX,499.0,1299.0,62%,4.7,54
B00P0R95EA,510.0,640.0,20%,4.1,"7,229"
B07W4HTS8Q,1899.0,3790.0,50%,3.8,"3,842"
B078JBK4GX,2599.0,4560.0,43%,4.4,646
B08S7V8YTN,1199.0,3500.0,66%,4.3,"1,802"
B07H5PBN54,999.0,2600.0,62%,3.4,252
B07YCBSCYB,1999.0,3300.0,39%,4.2,780
B098T9CJVQ,210.0,699.0,70%,3.7,74
B01KCSGBU2,14499.0,23559.0,38%,4.3,"2,026"
B095XCRDQW,950.0,1599.0,41%,4.3,"5,911"
B09CTWFV5W,7199.0,9995.0,28%,4.4,"1,964"
B0B7NWGXS6,2439.0,2545.0,4%,4.1,25
B07DZ986Q2,7799.0,8995.0,13%,4,"3,160"
B07KKJPTWB,1599.0,1999.0,20%,4.4,"1,558"
B071R3LHFM,2899.0,5500.0,47%,3.8,"8,958"
B086X18Q71,9799.0,12150.0,19%,4.3,"13,251"
B07WVQG8WZ,3299.0,4995.0,34%,3.8,"1,393"
B0BFBNXS94,669.0,1499.0,55%,2.3,13
B071113J7M,5890.0,7506.0,22%,4.5,"7,241"
B09YLWT89W,9199.0,18000.0,49%,4,"16,020"
B0814LP6S9,351.0,1099.0,68%,3.7,"1,470"
B07BKSSDR2,899.0,1900.0,53%,4,"3,663"
B09VGS66FV,1349.0,1850.0,27%,4.4,638
B07RCGTZ4M,6236.0,9999.0,38%,4.1,"3,552"
B0747VDH9L,2742.0,3995.0,31%,4.4,"11,148"
B08XLR6DSB,721.0,1499.0,52%,3.1,"2,449"
B08H6CZSHT,2903.0,3295.0,12%,4.3,"2,299"
B07CVR2L5K,1656.0,2695.0,39%,4.4,"6,027"
B09J4YQYX3,1399.0,2290.0,39%,4.4,461
B0B2DD8BQ8,2079.0,3099.0,33%,4.1,282
B0123P3PWE,999.0,1075.0,7%,4.1,"9,275"
B08HDCWDXD,3179.0,6999.0,55%,4,743
B0836JGZ74,1049.0,2499.0,58%,3.6,328
B0BCKJJN8R,3599.0,7290.0,51%,3.9,942
B008P7IF02,4799.0,5795.0,17%,3.9,"3,815"
B08CNLYKW5,1699.0,3398.0,50%,3.8,"7,988"
B08C7TYHPB,664.0,1490.0,55%,4.1,925
B08VJFYH6N,948.0,1620.0,41%,4.1,"4,370"
B08235JZFB,850.0,1000.0,15%,4.1,"7,619"
B078XFKBZL,600.0,640.0,6%,3.8,"2,593"
B01M265AAK,3711.0,4495.0,17%,4.3,356
B0B694PXQJ,799.0,2999.0,73%,4.5,63
B00B3VFJY2,980.0,980.0,0%,4.2,"4,740"
B08W9BK4MD,351.0,899.0,61%,3.9,296
B09X5HD5T1,229.0,499.0,54%,3.5,185
B08H6B3G96,3349.0,3995.0,16%,4.3,"1,954"
B09N3BFP4M,5499.0,11500.0,52%,3.9,959
B09DSQXCM8,299.0,499.0,40%,3.9,"1,015"
B01M69WCZ6,2249.0,3550.0,37%,4,"3,973"
B0BM9H2NY9,699.0,1599.0,56%,4.7,"2,300"
B099FDW2ZF,1235.0,1499.0,18%,4.1,203
B0B935YNR7,1349.0,2999.0,55%,3.8,441
B07JGCGNDG,6800.0,11500.0,41%,4.1,"10,308"
B08L12N5H1,2099.0,2499.0,16%,|,992
B07GWTWFS2,1699.0,1975.0,14%,4.1,"4,716"
B09KRHXTLN,1069.0,1699.0,37%,3.9,313
B09H34V36W,1349.0,2495.0,46%,3.8,166
B09J2QCKKM,1499.0,3500.0,57%,4.1,303
B09XRBJ94N,2092.0,4600.0,55%,4.3,562
B07SLNG3LW,3859.0,10295.0,63%,3.9,"8,095"
B0BNDGL26T,499.0,2199.0,77%,2.8,109
B095PWLLY6,1804.0,2380.0,24%,4,"15,382"
B07Y9PY6Y1,6525.0,8820.0,26%,4.5,"5,137"
B0BJ966M5K,4999.0,24999.0,80%,4.6,124
B086GVRP63,1189.0,2400.0,50%,4.1,618
B08MVXPTDG,2590.0,4200.0,38%,4.1,63
B0BMZ6SY89,899.0,1599.0,44%,3.4,15
B09P1MFKG1,998.0,2999.0,67%,4.6,9
B01LY9W8AF,998.06,1282.0,22%,4.2,"7,274"
B07ZJND9B9,1099.0,1990.0,45%,3.9,"5,911"
B0B2CWRDB1,5999.0,9999.0,40%,4.2,170
B072NCN9M4,8886.0,11850.0,25%,4.2,"3,065"
B08SKZ2RMG,475.0,999.0,52%,4.1,"1,021"
B0B53DS4TF,4995.0,20049.0,75%,4.8,"3,964"
B08BJN4MP3,13999.0,24850.0,44%,4.4,"8,948"
B0BCYQY9X5,8499.0,16490.0,48%,4.3,97
B009UORDX4,949.0,975.0,3%,4.3,"7,223"
B08VGDBF3B,395.0,499.0,21%,4,330
B012ELCYUG,635.0,635.0,0%,4.3,"4,570"
B07S9M8YTY,717.0,1390.0,48%,4,"4,867"
B0B19VJXQZ,27900.0,59900.0,53%,4.4,"5,298"
B00SMFPJG0,649.0,670.0,3%,4.1,"7,786"
B0BHYLCL19,193.0,399.0,52%,3.6,37
B0BPJBTB3F,1299.0,2495.0,48%,2,2
B08MXJYB2V,2449.0,3390.0,28%,4,"5,206"
B081B1JL35,1049.0,2499.0,58%,3.7,638
B09VL9KFDB,2399.0,4200.0,43%,3.8,397
B0B1MDZV9C,2286.0,4495.0,49%,3.9,326
B08TT63N58,499.0,2199.0,77%,3.1,"3,527"
B08YK7BBD2,429.0,999.0,57%,3,617
B07YQ5SN4H,299.0,595.0,50%,4,314
B0B7FJNSZR,5395.0,19990.0,73%,4.4,535
B01N6IJG0F,559.0,1010.0,45%,4.1,"17,325"
B0B84QN4CN,660.0,1100.0,40%,3.6,91
B0B8ZM9RVV,419.0,999.0,58%,4.4,227
B01892MIPA,7349.0,10900.0,33%,4.2,"11,957"
B08ZHYNTM1,2899.0,4005.0,28%,4.3,"7,140"
B09SDDQQKP,1799.0,3295.0,45%,3.8,687
B0B5RP43VN,1474.0,4650.0,68%,4.1,"1,045"
B096NTB9XT,15999.0,24500.0,35%,4,"11,206"
B078JF6X9B,3645.0,6070.0,40%,4.2,561
B08CGW4GYR,375.0,999.0,62%,3.6,"1,988"
B00A328ENA,2976.0,3945.0,25%,4.2,"3,740"
B0763K5HLQ,1099.0,1499.0,27%,4.1,"4,401"
B09PDZNSBG,2575.0,6700.0,62%,4.2,611
B085LPT5F4,1649.0,2800.0,41%,3.9,"2,162"
B0B9RZ4G4W,799.0,1699.0,53%,4,97
B0085W2MUQ,765.0,970.0,21%,4.2,"6,055"
B09474JWN6,999.0,1500.0,33%,4.2,386
B09G2VTHQM,587.0,1295.0,55%,4.1,557
B07R679HTT,12609.0,23999.0,47%,4.4,"2,288"
B00B7GKXMG,699.0,850.0,18%,4.1,"1,106"
B07H3N8RJH,3799.0,6000.0,37%,4.2,"11,935"
B07K2HVKLL,640.0,1020.0,37%,4.1,"5,059"
B09MQ9PDHR,979.0,1999.0,51%,3.9,157
B014HDJ7ZE,5365.0,7445.0,28%,3.9,"3,584"
B07D2NMTTV,3199.0,3500.0,9%,4.2,"1,899"
B075K76YW1,979.0,1395.0,30%,4.2,"15,252"
B0BNLFQDG2,929.0,2199.0,58%,3.7,4
B082ZQ4479,3710.0,4330.0,14%,3.7,"1,662"
B09Y358DZQ,2033.0,4295.0,53%,3.4,422
B09M3F4HGB,9495.0,18990.0,50%,4.2,79
B07VZH6ZBB,7799.0,12500.0,38%,4,"5,160"
B07F366Z51,949.0,2385.0,60%,4.1,"2,311"
B077BTLQ67,2790.0,4890.0,43%,3.9,588
B07YSJ7FF1,645.0,1100.0,41%,4,"3,271"
B07TXCY3YK,2237.81,3899.0,43%,3.9,"11,004"
B07TC9F7PN,8699.0,16899.0,49%,4.2,"3,195"
B09NS5TKPN,42990.0,75990.0,43%,4.3,"3,231"
B00LP9RFSU,825.0,825.0,0%,4,"3,246"
B0B7L86YCB,161.0,300.0,46%,2.6,24
B09VPH38JS,697.0,1499.0,54%,3.8,144
B01MUAUOCX,688.0,747.0,8%,4.5,"2,280"
B09MB3DKG1,2199.0,3999.0,45%,3.5,340
B08QHLXWV3,6850.0,11990.0,43%,3.9,144
B07G147SZD,2699.0,3799.0,29%,4,727
B09LH32678,899.0,1999.0,55%,4,832
B09R1YFL6S,1090.0,2999.0,64%,3.5,57
B07Q4NJQC5,295.0,599.0,51%,4,"1,644"
B097RN7BBK,479.0,1999.0,76%,3.4,"1,066"
B097MKZHNV,2949.0,4849.0,39%,4.2,"7,968"
B07LG96SDB,335.0,510.0,34%,3.8,"3,195"
B08KS2KQTK,293.0,499.0,41%,4.1,"1,456"
B095K14P86,599.0,1299.0,54%,4.2,590
B08K36NZSV,499.0,999.0,50%,4.3,"1,436"
B07LDPLSZC,849.0,1190.0,29%,4.2,"4,184"
B07F1T31ZZ,249.0,400.0,38%,4.1,693
B0BNDRK886,185.0,599.0,69%,3.9,"1,306"
B09ZVJXN5L,778.0,999.0,22%,3.3,8
B08JKPVDKL,279.0,699.0,60%,4.3,"2,326"
B09JFR8H3Q,215.0,1499.0,86%,3.9,"1,004"
B07LDN9Q2P,889.0,1295.0,31%,4.3,"6,400"
B08T8KWNQ9,1449.0,4999.0,71%,3.6,63
B07Y1RCCW5,1190.0,2550.0,53%,3.8,"1,181"
B0762HXMTF,1799.0,1950.0,8%,3.9,"1,888"
B00K57MR22,6120.0,8478.0,28%,4.6,"6,550"
B07TTSS5MP,1799.0,3299.0,45%,3.8,"1,846"
B09ZDVL7L8,2199.0,3895.0,44%,3.9,"1,085"
B09XHXXCFH,3685.0,5495.0,33%,4.1,290
B0BL3R4RGS,649.0,999.0,35%,3.6,4
B07P1BR7L8,8599.0,8995.0,4%,4.4,"9,734"
B078WB1VWJ,1110.0,1599.0,31%,4.3,"4,022"
B0BP89YBC1,1499.0,3500.0,57%,4.7,"2,591"
B09W9V2PXG,759.0,1999.0,62%,4.3,532
B09XTQFFCG,2669.0,3199.0,17%,3.9,260
B08LVVTGZK,929.0,1300.0,29%,3.9,"1,672"
B07J2BQZD6,199.0,399.0,50%,3.7,"7,945"
B07HK53XM4,279.0,599.0,53%,3.5,"1,367"
B08RDWBYCQ,549.0,999.0,45%,4,"1,313"
B09FHHTL8L,85.0,199.0,57%,4.1,212
B0BHNHMR3H,499.0,1299.0,62%,3.9,65
B07D8VBYB4,5865.0,7776.0,25%,4.4,"2,737"
B0B3TBY2YX,1260.0,2299.0,45%,4.3,55
B088WCFPQF,1099.0,1500.0,27%,4.5,"1,065"
B07JZSG42Y,1928.0,2590.0,26%,4,"2,377"
B08YRMBK9R,3249.0,6299.0,48%,3.9,"2,569"
B00935MGHS,1199.0,1795.0,33%,4.2,"5,967"
B07B5XJ572,1456.0,3190.0,54%,4.1,"1,776"
B086199CWG,3349.0,4799.0,30%,3.7,"4,200"
B0BBWJFK5C,4899.0,8999.0,46%,4.1,297
B07GLS2563,1199.0,1899.0,37%,4.2,"3,858"
B09P182Z2H,3290.0,5799.0,43%,4.3,168
B0B59K1C8F,179.0,799.0,78%,3.6,101
B06Y36JKC3,149.0,300.0,50%,4.1,"4,074"
B075S9FVRY,5490.0,7200.0,24%,4.5,"1,408"
B08SJVD8QD,379.0,389.0,3%,4.2,"3,739"
B07FJNNZCJ,8699.0,13049.0,33%,4.3,"5,891"
B09MFR93KS,3041.67,5999.0,49%,4,777
B07Y5FDPKV,1745.0,2400.0,27%,4.2,"14,160"
B0756KCV5K,3180.0,5295.0,40%,4.2,"6,919"
B0BJ6P3LSK,4999.0,24999.0,80%,4.5,287
B09HS1NDRQ,390.0,799.0,51%,3.8,287
B018SJJ0GE,1999.0,2999.0,33%,4.4,388
B09FPP3R1D,1624.0,2495.0,35%,4.1,827
B01F7B2JCI,184.0,450.0,59%,4.2,"4,971"
B09NNZ1GF7,445.0,999.0,55%,4.3,229
B01CS4A5V4,699.0,1690.0,59%,4.1,"3,524"
B0BL11S5QK,1601.0,3890.0,59%,4.2,156
B09BL2KHQW,231.0,260.0,11%,4.1,490
B081RLM75M,369.0,599.0,38%,3.9,82
B07SYYVP69,809.0,1950.0,59%,3.9,710
B0BDZWMGZ1,1199.0,2990.0,60%,3.8,133
B078JT7LTD,6120.0,8073.0,24%,4.6,"2,751"
B09WF4Q7B3,1799.0,2599.0,31%,3.6,771
B092R48XXB,18999.0,29999.0,37%,4.1,"2,536"
B00KIDSU8S,1999.0,2360.0,15%,4.2,"7,801"
B0977CGNJJ,5999.0,11495.0,48%,4.3,534
B08WWKM5HQ,2599.0,4780.0,46%,3.9,898
B015GX9Y0W,1199.0,2400.0,50%,3.9,"1,202"
B089BDBDGM,219.0,249.0,12%,4,"1,108"
B0BPBG712X,799.0,1199.0,33%,4.4,17
B00JBNZPFM,6199.0,10999.0,44%,4.2,"10,429"
B08N6P8G5K,6790.0,10995.0,38%,4.5,"3,192"
B07NPBG1B4,1982.84,3300.0,40%,4.1,"5,873"
B01MRARGBW,199.0,400.0,50%,4.1,"1,379"
B07VZYMQNZ,1180.0,1440.0,18%,4.2,"1,527"
B01L7C4IU2,2199.0,3045.0,28%,4.2,"2,686"
B09H7JDJCW,2999.0,3595.0,17%,4,178
B07F6GXNPB,253.0,500.0,49%,4.3,"2,664"
B0B97D658R,499.0,799.0,38%,3.6,212
B09NFSHCWN,1149.0,1899.0,39%,3.5,24
B076VQS87V,457.0,799.0,43%,4.3,"1,868"
B09LMMFW3S,229.0,399.0,43%,3.6,451
B0BBLHTRM9,199.0,699.0,72%,2.9,159
B0BJYSCWFQ,899.0,1999.0,55%,4.2,39
B0187F2IOK,1499.0,2199.0,32%,4.4,"6,531"
B0B8CB7MHW,426.0,999.0,57%,4.1,222
B07K19NYZ8,2320.0,3290.0,29%,3.8,195
B08ZXZ362Z,1563.0,3098.0,50%,3.5,"2,283"
B00GHL8VP2,3487.77,4990.0,30%,4.1,"1,127"
B0B9JZW1SQ,498.0,1200.0,59%,3.2,113
B00TI8E7BI,2695.0,2695.0,0%,4.4,"2,518"
B07J9KXQCC,949.0,2299.0,59%,3.6,550
B0B3JSWG81,199.0,999.0,80%,3.1,2
B08L7J3T31,379.0,919.0,59%,4,"1,090"
B01M6453MB,2280.0,3045.0,25%,4.1,"4,118"
B009P2LIL4,2219.0,3080.0,28%,3.6,468
B00J5DYCCA,1399.0,1890.0,26%,4,"8,031"
B01486F4G6,2863.0,3690.0,22%,4.3,"6,987"
